{"type": "FeatureCollection", "features": [{"type": "Feature", "geometry": {"type": "Point", "coordinates": [-8.531750064606712, 33.22379076881893]}, "properties": {"layer": "SITE", "code": "JAD-MAR1076", "object_type": "NRO", "matched": true}}, {"type": "Feature", "geometry": {"type": "Point", "coordinates": [-8.528708013330958, 33.2239694279064]}, "properties": {"layer": "SITE", "code": "JAD-MAR-0001", "object_type": "PM", "matched": true}}, {"type": "Feature", "geometry": {"type": "Point", "coordinates": [-8.528113832218125, 33.22347440629505]}, "properties": {"layer": "SITE", "code": "JAD-MAR-0002", "object_type": "PM", "matched": false}}, {"type": "Feature", "geometry": {"type": "Point", "coordinates": [-8.528177576686677, 33.2232163395327]}, "properties": {"layer": "BOITE", "code": "BPE-JAD-MAR-1021", "object_type": "BPE", "matched": true}}, {"type": "Feature", "geometry": {"type": "Point", "coordinates": [-8.52868005427605, 33.22397543830823]}, "properties": {"layer": "BOITE", "code": "BPE-JAD-MAR-1003", "object_type": "BPE", "matched": false}}, {"type": "Feature", "geometry": {"type": "Point", "coordinates": [-8.528979758358531, 33.22416048608773]}, "properties": {"layer": "BOITE", "code": "BPE-JAD-MAR-1006", "object_type": "BPE", "matched": false}}, {"type": "Feature", "geometry": {"type": "Point", "coordinates": [-8.52879219642637, 33.22431202804306]}, "properties": {"layer": "BOITE", "code": "BPE-JAD-MAR-1007", "object_type": "BPE", "matched": false}}, {"type": "Feature", "geometry": {"type": "Point", "coordinates": [-8.5292132677753, 33.22395144089985]}, "properties": {"layer": "BOITE", "code": "BPE-JAD-MAR-1008", "object_type": "BPE", "matched": false}}, {"type": "Feature", "geometry": {"type": "Point", "coordinates": [-8.529515312739832, 33.223730796909955]}, "properties": {"layer": "BOITE", "code": "BPE-JAD-MAR-1009", "object_type": "BPE", "matched": false}}, {"type": "Feature", "geometry": {"type": "Point", "coordinates": [-8.529799062615139, 33.22346711083002]}, "properties": {"layer": "BOITE", "code": "BPE-JAD-MAR-1010", "object_type": "BPE", "matched": false}}, {"type": "Feature", "geometry": {"type": "Point", "coordinates": [-8.528313577812812, 33.22398729786806]}, "properties": {"layer": "BOITE", "code": "BPE-JAD-MAR-1012", "object_type": "BPE", "matched": false}}, {"type": "Feature", "geometry": {"type": "Point", "coordinates": [-8.527976330875324, 33.22377231676577]}, "properties": {"layer": "BOITE", "code": "BPE-JAD-MAR-1013", "object_type": "BPE", "matched": false}}, {"type": "Feature", "geometry": {"type": "Point", "coordinates": [-8.527827671101777, 33.2236637365023]}, "properties": {"layer": "BOITE", "code": "BPE-JAD-MAR-1014", "object_type": "BPE", "matched": false}}, {"type": "Feature", "geometry": {"type": "Point", "coordinates": [-8.528133529583812, 33.22345595658466]}, "properties": {"layer": "BOITE", "code": "BPE-JAD-MAR-1017", "object_type": "BPE", "matched": false}}, {"type": "Feature", "geometry": {"type": "Point", "coordinates": [-8.527545281879178, 33.22308905882162]}, "properties": {"layer": "BOITE", "code": "BPE-JAD-MAR-1018", "object_type": "BPE", "matched": false}}, {"type": "Feature", "geometry": {"type": "Point", "coordinates": [-8.527297188900802, 33.22335622315665]}, "properties": {"layer": "BOITE", "code": "BPE-JAD-MAR-1019", "object_type": "BPE", "matched": false}}, {"type": "Feature", "geometry": {"type": "Point", "coordinates": [-8.526969599183733, 33.22314389105681]}, "properties": {"layer": "BOITE", "code": "BPE-JAD-MAR-1020", "object_type": "BPE", "matched": false}}, {"type": "Feature", "geometry": {"type": "Point", "coordinates": [-8.528554129331209, 33.22329613042294]}, "properties": {"layer": "BOITE", "code": "BPE-JAD-MAR-1022", "object_type": "BPE", "matched": false}}, {"type": "Feature", "geometry": {"type": "Point", "coordinates": [-8.529077654430598, 33.22337172180959]}, "properties": {"layer": "BOITE", "code": "BPE-JAD-MAR-1023", "object_type": "BPE", "matched": false}}, {"type": "Feature", "geometry": {"type": "Point", "coordinates": [-8.528740091694296, 33.223668274686204]}, "properties": {"layer": "BOITE", "code": "BPE-JAD-MAR-1024", "object_type": "BPE", "matched": false}}, {"type": "Feature", "geometry": {"type": "Point", "coordinates": [-8.530788898133833, 33.22575781206354]}, "properties": {"layer": "BOITE", "code": "BPE-JAD-MAR-1033", "object_type": "BPE", "matched": false}}, {"type": "Feature", "geometry": {"type": "Point", "coordinates": [-8.528993337433814, 33.22404183556489]}, "properties": {"layer": "BOITE", "code": "PBO-JAD-MAR-0001", "object_type": "PBO", "matched": true}}, {"type": "Feature", "geometry": {"type": "Point", "coordinates": [-8.528976265476537, 33.22403173170363]}, "properties": {"layer": "BOITE", "code": "PBO-JAD-MAR-0002", "object_type": "PBO", "matched": false}}, {"type": "Feature", "geometry": {"type": "Point", "coordinates": [-8.528865250574961, 33.22415011365008]}, "properties": {"layer": "BOITE", "code": "PBO-JAD-MAR-0003", "object_type": "PBO", "matched": false}}, {"type": "Feature", "geometry": {"type": "Point", "coordinates": [-8.528840025357708, 33.2241261696829]}, "properties": {"layer": "BOITE", "code": "PBO-JAD-MAR-0004", "object_type": "PBO", "matched": false}}, {"type": "Feature", "geometry": {"type": "Point", "coordinates": [-8.529112434120918, 33.22413042241091]}, "properties": {"layer": "BOITE", "code": "PBO-JAD-MAR-0005", "object_type": "PBO", "matched": false}}, {"type": "Feature", "geometry": {"type": "Point", "coordinates": [-8.529131718358968, 33.2241439818864]}, "properties": {"layer": "BOITE", "code": "PBO-JAD-MAR-0006", "object_type": "PBO", "matched": false}}, {"type": "Feature", "geometry": {"type": "Point", "coordinates": [-8.529005485490675, 33.22425543216263]}, "properties": {"layer": "BOITE", "code": "PBO-JAD-MAR-0007", "object_type": "PBO", "matched": false}}, {"type": "Feature", "geometry": {"type": "Point", "coordinates": [-8.529031093498423, 33.224270587947146]}, "properties": {"layer": "BOITE", "code": "PBO-JAD-MAR-0008", "object_type": "PBO", "matched": false}}, {"type": "Feature", "geometry": {"type": "Point", "coordinates": [-8.528690611500847, 33.22427097700283]}, "properties": {"layer": "BOITE", "code": "PBO-JAD-MAR-0009", "object_type": "PBO", "matched": false}}, {"type": "Feature", "geometry": {"type": "Point", "coordinates": [-8.528679042424178, 33.2242589787003]}, "properties": {"layer": "BOITE", "code": "PBO-JAD-MAR-0010", "object_type": "PBO", "matched": false}}, {"type": "Feature", "geometry": {"type": "Point", "coordinates": [-8.528785647691613, 33.224378020220115]}, "properties": {"layer": "BOITE", "code": "PBO-JAD-MAR-0011", "object_type": "PBO", "matched": false}}, {"type": "Feature", "geometry": {"type": "Point", "coordinates": [-8.528799978678277, 33.22438936366356]}, "properties": {"layer": "BOITE", "code": "PBO-JAD-MAR-0012", "object_type": "PBO", "matched": false}}, {"type": "Feature", "geometry": {"type": "Point", "coordinates": [-8.52914454176964, 33.223898445801545]}, "properties": {"layer": "BOITE", "code": "PBO-JAD-MAR-0013", "object_type": "PBO", "matched": false}}, {"type": "Feature", "geometry": {"type": "Point", "coordinates": [-8.529123254000863, 33.22388727776906]}, "properties": {"layer": "BOITE", "code": "PBO-JAD-MAR-0014", "object_type": "PBO", "matched": false}}, {"type": "Feature", "geometry": {"type": "Point", "coordinates": [-8.529291004216375, 33.223807553781384]}, "properties": {"layer": "BOITE", "code": "PBO-JAD-MAR-0015", "object_type": "PBO", "matched": false}}, {"type": "Feature", "geometry": {"type": "Point", "coordinates": [-8.529270182599484, 33.223789936453734]}, "properties": {"layer": "BOITE", "code": "PBO-JAD-MAR-0016", "object_type": "PBO", "matched": false}}, {"type": "Feature", "geometry": {"type": "Point", "coordinates": [-8.529387967801762, 33.22389055338643]}, "properties": {"layer": "BOITE", "code": "PBO-JAD-MAR-0017", "object_type": "PBO", "matched": false}}, {"type": "Feature", "geometry": {"type": "Point", "coordinates": [-8.52940668155301, 33.22390763860296]}, "properties": {"layer": "BOITE", "code": "PBO-JAD-MAR-0018", "object_type": "PBO", "matched": false}}, {"type": "Feature", "geometry": {"type": "Point", "coordinates": [-8.529270389732046, 33.2240298769669]}, "properties": {"layer": "BOITE", "code": "PBO-JAD-MAR-0019", "object_type": "PBO", "matched": false}}, {"type": "Feature", "geometry": {"type": "Point", "coordinates": [-8.52928480419153, 33.22404355918473]}, "properties": {"layer": "BOITE", "code": "PBO-JAD-MAR-0020", "object_type": "PBO", "matched": false}}, {"type": "Feature", "geometry": {"type": "Point", "coordinates": [-8.529432937802035, 33.223648303432796]}, "properties": {"layer": "BOITE", "code": "PBO-JAD-MAR-0021", "object_type": "PBO", "matched": false}}, {"type": "Feature", "geometry": {"type": "Point", "coordinates": [-8.529408658663494, 33.223631358529964]}, "properties": {"layer": "BOITE", "code": "PBO-JAD-MAR-0022", "object_type": "PBO", "matched": false}}, {"type": "Feature", "geometry": {"type": "Point", "coordinates": [-8.529580352649633, 33.22354509713372]}, "properties": {"layer": "BOITE", "code": "PBO-JAD-MAR-0023", "object_type": "PBO", "matched": false}}, {"type": "Feature", "geometry": {"type": "Point", "coordinates": [-8.529562355489224, 33.22352857911032]}, "properties": {"layer": "BOITE", "code": "PBO-JAD-MAR-0024", "object_type": "PBO", "matched": false}}, {"type": "Feature", "geometry": {"type": "Point", "coordinates": [-8.529566647012585, 33.22378538844853]}, "properties": {"layer": "BOITE", "code": "PBO-JAD-MAR-0025", "object_type": "PBO", "matched": false}}, {"type": "Feature", "geometry": {"type": "Point", "coordinates": [-8.529590147068355, 33.22380001203025]}, "properties": {"layer": "BOITE", "code": "PBO-JAD-MAR-0026", "object_type": "PBO", "matched": false}}, {"type": "Feature", "geometry": {"type": "Point", "coordinates": [-8.529726730211125, 33.22339279075881]}, "properties": {"layer": "BOITE", "code": "PBO-JAD-MAR-0027", "object_type": "PBO", "matched": false}}, {"type": "Feature", "geometry": {"type": "Point", "coordinates": [-8.529716636385903, 33.223383647943066]}, "properties": {"layer": "BOITE", "code": "PBO-JAD-MAR-0028", "object_type": "PBO", "matched": false}}, {"type": "Feature", "geometry": {"type": "Point", "coordinates": [-8.52984700637632, 33.223427179475166]}, "properties": {"layer": "BOITE", "code": "PBO-JAD-MAR-0029", "object_type": "PBO", "matched": false}}, {"type": "Feature", "geometry": {"type": "Point", "coordinates": [-8.529857738947447, 33.22342061759573]}, "properties": {"layer": "BOITE", "code": "PBO-JAD-MAR-0030", "object_type": "PBO", "matched": false}}, {"type": "Feature", "geometry": {"type": "Point", "coordinates": [-8.529908978940778, 33.223500104617465]}, "properties": {"layer": "BOITE", "code": "PBO-JAD-MAR-0031", "object_type": "PBO", "matched": false}}, {"type": "Feature", "geometry": {"type": "Point", "coordinates": [-8.529713065479609, 33.223610369692814]}, "properties": {"layer": "BOITE", "code": "PBO-JAD-MAR-0032", "object_type": "PBO", "matched": false}}, {"type": "Feature", "geometry": {"type": "Point", "coordinates": [-8.528302282544532, 33.2238475452658]}, "properties": {"layer": "BOITE", "code": "PBO-JAD-MAR-0033", "object_type": "PBO", "matched": false}}, {"type": "Feature", "geometry": {"type": "Point", "coordinates": [-8.528311994444097, 33.22383676630577]}, "properties": {"layer": "BOITE", "code": "PBO-JAD-MAR-0034", "object_type": "PBO", "matched": false}}, {"type": "Feature", "geometry": {"type": "Point", "coordinates": [-8.528464367252651, 33.22397981967245]}, "properties": {"layer": "BOITE", "code": "PBO-JAD-MAR-0035", "object_type": "PBO", "matched": false}}, {"type": "Feature", "geometry": {"type": "Point", "coordinates": [-8.528477136703717, 33.22396691532246]}, "properties": {"layer": "BOITE", "code": "PBO-JAD-MAR-0036", "object_type": "PBO", "matched": false}}, {"type": "Feature", "geometry": {"type": "Point", "coordinates": [-8.528350677435613, 33.22406227671055]}, "properties": {"layer": "BOITE", "code": "PBO-JAD-MAR-0037", "object_type": "PBO", "matched": false}}, {"type": "Feature", "geometry": {"type": "Point", "coordinates": [-8.528331601435397, 33.224083825868824]}, "properties": {"layer": "BOITE", "code": "PBO-JAD-MAR-0038", "object_type": "PBO", "matched": false}}, {"type": "Feature", "geometry": {"type": "Point", "coordinates": [-8.528207214970644, 33.22399332328706]}, "properties": {"layer": "BOITE", "code": "PBO-JAD-MAR-0039", "object_type": "PBO", "matched": false}}, {"type": "Feature", "geometry": {"type": "Point", "coordinates": [-8.528193054110211, 33.2240062626732]}, "properties": {"layer": "BOITE", "code": "PBO-JAD-MAR-0040", "object_type": "PBO", "matched": false}}, {"type": "Feature", "geometry": {"type": "Point", "coordinates": [-8.527983212547472, 33.22364782824172]}, "properties": {"layer": "BOITE", "code": "PBO-JAD-MAR-0041", "object_type": "PBO", "matched": false}}, {"type": "Feature", "geometry": {"type": "Point", "coordinates": [-8.527997216945455, 33.22363050357119]}, "properties": {"layer": "BOITE", "code": "PBO-JAD-MAR-0042", "object_type": "PBO", "matched": false}}, {"type": "Feature", "geometry": {"type": "Point", "coordinates": [-8.528102859856403, 33.22378117249491]}, "properties": {"layer": "BOITE", "code": "PBO-JAD-MAR-0043", "object_type": "PBO", "matched": false}}, {"type": "Feature", "geometry": {"type": "Point", "coordinates": [-8.528118151319495, 33.223760889209785]}, "properties": {"layer": "BOITE", "code": "PBO-JAD-MAR-0044", "object_type": "PBO", "matched": false}}, {"type": "Feature", "geometry": {"type": "Point", "coordinates": [-8.527999813765657, 33.2238692133182]}, "properties": {"layer": "BOITE", "code": "PBO-JAD-MAR-0045", "object_type": "PBO", "matched": false}}, {"type": "Feature", "geometry": {"type": "Point", "coordinates": [-8.527978925513112, 33.22388875977316]}, "properties": {"layer": "BOITE", "code": "PBO-JAD-MAR-0046", "object_type": "PBO", "matched": false}}, {"type": "Feature", "geometry": {"type": "Point", "coordinates": [-8.527861448055871, 33.22378696332344]}, "properties": {"layer": "BOITE", "code": "PBO-JAD-MAR-0047", "object_type": "PBO", "matched": false}}, {"type": "Feature", "geometry": {"type": "Point", "coordinates": [-8.527836396132246, 33.22380690728909]}, "properties": {"layer": "BOITE", "code": "PBO-JAD-MAR-0048", "object_type": "PBO", "matched": false}}, {"type": "Feature", "geometry": {"type": "Point", "coordinates": [-8.527771425437594, 33.223556894116925]}, "properties": {"layer": "BOITE", "code": "PBO-JAD-MAR-0049", "object_type": "PBO", "matched": false}}, {"type": "Feature", "geometry": {"type": "Point", "coordinates": [-8.52778124165327, 33.22354903873667]}, "properties": {"layer": "BOITE", "code": "PBO-JAD-MAR-0050", "object_type": "PBO", "matched": false}}, {"type": "Feature", "geometry": {"type": "Point", "coordinates": [-8.527698057393495, 33.22362780033469]}, "properties": {"layer": "BOITE", "code": "PBO-JAD-MAR-0051", "object_type": "PBO", "matched": false}}, {"type": "Feature", "geometry": {"type": "Point", "coordinates": [-8.527683315544754, 33.22364397308514]}, "properties": {"layer": "BOITE", "code": "PBO-JAD-MAR-0052", "object_type": "PBO", "matched": false}}, {"type": "Feature", "geometry": {"type": "Point", "coordinates": [-8.52870000949012, 33.223392743702476]}, "properties": {"layer": "BOITE", "code": "PBO-JAD-MAR-0053", "object_type": "PBO", "matched": false}}, {"type": "Feature", "geometry": {"type": "Point", "coordinates": [-8.528739976076666, 33.22340051482588]}, "properties": {"layer": "BOITE", "code": "PBO-JAD-MAR-0054", "object_type": "PBO", "matched": false}}, {"type": "Feature", "geometry": {"type": "Point", "coordinates": [-8.528561134047184, 33.22320838409838]}, "properties": {"layer": "BOITE", "code": "PBO-JAD-MAR-0055", "object_type": "PBO", "matched": false}}, {"type": "Feature", "geometry": {"type": "Point", "coordinates": [-8.528568439076306, 33.22317893830813]}, "properties": {"layer": "BOITE", "code": "PBO-JAD-MAR-0056", "object_type": "PBO", "matched": false}}, {"type": "Feature", "geometry": {"type": "Point", "coordinates": [-8.528721959739848, 33.223266365244065]}, "properties": {"layer": "BOITE", "code": "PBO-JAD-MAR-0057", "object_type": "PBO", "matched": false}}, {"type": "Feature", "geometry": {"type": "Point", "coordinates": [-8.528729222994091, 33.22323575002938]}, "properties": {"layer": "BOITE", "code": "PBO-JAD-MAR-0058", "object_type": "PBO", "matched": false}}, {"type": "Feature", "geometry": {"type": "Point", "coordinates": [-8.529005030492417, 33.22327678696727]}, "properties": {"layer": "BOITE", "code": "PBO-JAD-MAR-0059", "object_type": "PBO", "matched": false}}, {"type": "Feature", "geometry": {"type": "Point", "coordinates": [-8.529013072784446, 33.223248493029764]}, "properties": {"layer": "BOITE", "code": "PBO-JAD-MAR-0060", "object_type": "PBO", "matched": false}}, {"type": "Feature", "geometry": {"type": "Point", "coordinates": [-8.529240766917535, 33.22336565216964]}, "properties": {"layer": "BOITE", "code": "PBO-JAD-MAR-0061", "object_type": "PBO", "matched": false}}, {"type": "Feature", "geometry": {"type": "Point", "coordinates": [-8.52928092841971, 33.223359372601]}, "properties": {"layer": "BOITE", "code": "PBO-JAD-MAR-0062", "object_type": "PBO", "matched": false}}, {"type": "Feature", "geometry": {"type": "Point", "coordinates": [-8.529080186244242, 33.2234706530394]}, "properties": {"layer": "BOITE", "code": "PBO-JAD-MAR-0063", "object_type": "PBO", "matched": false}}, {"type": "Feature", "geometry": {"type": "Point", "coordinates": [-8.529105004462794, 33.22348319516338]}, "properties": {"layer": "BOITE", "code": "PBO-JAD-MAR-0064", "object_type": "PBO", "matched": false}}, {"type": "Feature", "geometry": {"type": "Point", "coordinates": [-8.528929911306605, 33.22361080053726]}, "properties": {"layer": "BOITE", "code": "PBO-JAD-MAR-0065", "object_type": "PBO", "matched": false}}, {"type": "Feature", "geometry": {"type": "Point", "coordinates": [-8.528945581385024, 33.22362064712407]}, "properties": {"layer": "BOITE", "code": "PBO-JAD-MAR-0066", "object_type": "PBO", "matched": false}}, {"type": "Feature", "geometry": {"type": "Point", "coordinates": [-8.528755471595334, 33.22373721871175]}, "properties": {"layer": "BOITE", "code": "PBO-JAD-MAR-0067", "object_type": "PBO", "matched": false}}, {"type": "Feature", "geometry": {"type": "Point", "coordinates": [-8.528781225451871, 33.223756467501744]}, "properties": {"layer": "BOITE", "code": "PBO-JAD-MAR-0068", "object_type": "PBO", "matched": false}}, {"type": "Feature", "geometry": {"type": "Point", "coordinates": [-8.528710511426457, 33.22360901536928]}, "properties": {"layer": "BOITE", "code": "PBO-JAD-MAR-0069", "object_type": "PBO", "matched": false}}, {"type": "Feature", "geometry": {"type": "Point", "coordinates": [-8.52867636774948, 33.223588807565456]}, "properties": {"layer": "BOITE", "code": "PBO-JAD-MAR-0070", "object_type": "PBO", "matched": false}}, {"type": "Feature", "geometry": {"type": "Point", "coordinates": [-8.528099296727408, 33.22314452841471]}, "properties": {"layer": "BOITE", "code": "PBO-JAD-MAR-0071", "object_type": "PBO", "matched": false}}, {"type": "Feature", "geometry": {"type": "Point", "coordinates": [-8.528108160127461, 33.223119725250136]}, "properties": {"layer": "BOITE", "code": "PBO-JAD-MAR-0072", "object_type": "PBO", "matched": false}}, {"type": "Feature", "geometry": {"type": "Point", "coordinates": [-8.527931880417484, 33.22323360612343]}, "properties": {"layer": "BOITE", "code": "PBO-JAD-MAR-0073", "object_type": "PBO", "matched": false}}, {"type": "Feature", "geometry": {"type": "Point", "coordinates": [-8.527920067388214, 33.2232538017349]}, "properties": {"layer": "BOITE", "code": "PBO-JAD-MAR-0074", "object_type": "PBO", "matched": false}}, {"type": "Feature", "geometry": {"type": "Point", "coordinates": [-8.527658413773025, 33.22308248397644]}, "properties": {"layer": "BOITE", "code": "PBO-JAD-MAR-0075", "object_type": "PBO", "matched": false}}, {"type": "Feature", "geometry": {"type": "Point", "coordinates": [-8.527665398822244, 33.22306358050813]}, "properties": {"layer": "BOITE", "code": "PBO-JAD-MAR-0076", "object_type": "PBO", "matched": false}}, {"type": "Feature", "geometry": {"type": "Point", "coordinates": [-8.527440530380437, 33.22300604114639]}, "properties": {"layer": "BOITE", "code": "PBO-JAD-MAR-0077", "object_type": "PBO", "matched": false}}, {"type": "Feature", "geometry": {"type": "Point", "coordinates": [-8.527455355583946, 33.22299220725471]}, "properties": {"layer": "BOITE", "code": "PBO-JAD-MAR-0078", "object_type": "PBO", "matched": false}}, {"type": "Feature", "geometry": {"type": "Point", "coordinates": [-8.527302487969163, 33.22323541911883]}, "properties": {"layer": "BOITE", "code": "PBO-JAD-MAR-0079", "object_type": "PBO", "matched": false}}, {"type": "Feature", "geometry": {"type": "Point", "coordinates": [-8.527318621173132, 33.22321921135858]}, "properties": {"layer": "BOITE", "code": "PBO-JAD-MAR-0080", "object_type": "PBO", "matched": false}}, {"type": "Feature", "geometry": {"type": "Point", "coordinates": [-8.527440054474315, 33.223363630652834]}, "properties": {"layer": "BOITE", "code": "PBO-JAD-MAR-0081", "object_type": "PBO", "matched": false}}, {"type": "Feature", "geometry": {"type": "Point", "coordinates": [-8.527449189189454, 33.22334642873758]}, "properties": {"layer": "BOITE", "code": "PBO-JAD-MAR-0082", "object_type": "PBO", "matched": false}}, {"type": "Feature", "geometry": {"type": "Point", "coordinates": [-8.52735034455216, 33.223444897364594]}, "properties": {"layer": "BOITE", "code": "PBO-JAD-MAR-0083", "object_type": "PBO", "matched": false}}, {"type": "Feature", "geometry": {"type": "Point", "coordinates": [-8.527338914234676, 33.223456304775745]}, "properties": {"layer": "BOITE", "code": "PBO-JAD-MAR-0084", "object_type": "PBO", "matched": false}}, {"type": "Feature", "geometry": {"type": "Point", "coordinates": [-8.527155084265328, 33.2233585203111]}, "properties": {"layer": "BOITE", "code": "PBO-JAD-MAR-0085", "object_type": "PBO", "matched": false}}, {"type": "Feature", "geometry": {"type": "Point", "coordinates": [-8.52714116315366, 33.22337818371874]}, "properties": {"layer": "BOITE", "code": "PBO-JAD-MAR-0086", "object_type": "PBO", "matched": false}}, {"type": "Feature", "geometry": {"type": "Point", "coordinates": [-8.527107767481898, 33.223144639152615]}, "properties": {"layer": "BOITE", "code": "PBO-JAD-MAR-0087", "object_type": "PBO", "matched": false}}, {"type": "Feature", "geometry": {"type": "Point", "coordinates": [-8.527123587923231, 33.22311966079926]}, "properties": {"layer": "BOITE", "code": "PBO-JAD-MAR-0088", "object_type": "PBO", "matched": false}}, {"type": "Feature", "geometry": {"type": "Point", "coordinates": [-8.526990251248858, 33.22322719134689]}, "properties": {"layer": "BOITE", "code": "PBO-JAD-MAR-0089", "object_type": "PBO", "matched": false}}, {"type": "Feature", "geometry": {"type": "Point", "coordinates": [-8.526970743852932, 33.22324641022959]}, "properties": {"layer": "BOITE", "code": "PBO-JAD-MAR-0090", "object_type": "PBO", "matched": false}}, {"type": "Feature", "geometry": {"type": "Point", "coordinates": [-8.526860119941846, 33.223170775715424]}, "properties": {"layer": "BOITE", "code": "PBO-JAD-MAR-0091", "object_type": "PBO", "matched": false}}, {"type": "Feature", "geometry": {"type": "Point", "coordinates": [-8.526844090913459, 33.2231899069558]}, "properties": {"layer": "BOITE", "code": "PBO-JAD-MAR-0092", "object_type": "PBO", "matched": false}}, {"type": "Feature", "geometry": {"type": "Point", "coordinates": [-8.527908638415253, 33.22311030522072]}, "properties": {"layer": "BOITE", "code": "PBO-JAD-MAR-0093", "object_type": "PBO", "matched": false}}, {"type": "Feature", "geometry": {"type": "Point", "coordinates": [-8.527891279651335, 33.22310679231898]}, "properties": {"layer": "BOITE", "code": "PBO-JAD-MAR-0094", "object_type": "PBO", "matched": false}}, {"type": "Feature", "geometry": {"type": "Point", "coordinates": [-8.5282804623523, 33.22316380267345]}, "properties": {"layer": "BOITE", "code": "PBO-JAD-MAR-0095", "object_type": "PBO", "matched": false}}, {"type": "Feature", "geometry": {"type": "Point", "coordinates": [-8.528281605211166, 33.22315192290025]}, "properties": {"layer": "BOITE", "code": "PBO-JAD-MAR-0096", "object_type": "PBO", "matched": false}}, {"type": "Feature", "geometry": {"type": "Point", "coordinates": [-8.527620511255646, 33.22344598250425]}, "properties": {"layer": "BOITE", "code": "PBO-JAD-MAR-0097", "object_type": "PBO", "matched": false}}, {"type": "Feature", "geometry": {"type": "Point", "coordinates": [-8.527627487402407, 33.22343658930895]}, "properties": {"layer": "BOITE", "code": "PBO-JAD-MAR-0098", "object_type": "PBO", "matched": false}}, {"type": "Feature", "geometry": {"type": "Point", "coordinates": [-8.527497112382735, 33.22355882286067]}, "properties": {"layer": "BOITE", "code": "PBO-JAD-MAR-0099", "object_type": "PBO", "matched": false}}, {"type": "Feature", "geometry": {"type": "Point", "coordinates": [-8.527477248635552, 33.223572930004565]}, "properties": {"layer": "BOITE", "code": "PBO-JAD-MAR-0100", "object_type": "PBO", "matched": false}}, {"type": "Feature", "geometry": {"type": "Point", "coordinates": [-8.528848910741667, 33.224612583387085]}, "properties": {"layer": "PTECH", "code": "IAM-CHA-001", "object_type": "CHAMBRE", "matched": true}}, {"type": "Feature", "geometry": {"type": "Point", "coordinates": [-8.5283294323159, 33.22431741840218]}, "properties": {"layer": "PTECH", "code": "IAM-CHA-002", "object_type": "CHAMBRE", "matched": false}}, {"type": "Feature", "geometry": {"type": "Point", "coordinates": [-8.52868005427605, 33.22397543830823]}, "properties": {"layer": "PTECH", "code": "IAM-CHA-003", "object_type": "CHAMBRE", "matched": false}}, {"type": "Feature", "geometry": {"type": "Point", "coordinates": [-8.528774396209426, 33.224065026059286]}, "properties": {"layer": "PTECH", "code": "IAM-CHA-004", "object_type": "CHAMBRE", "matched": false}}, {"type": "Feature", "geometry": {"type": "Point", "coordinates": [-8.528816410327627, 33.22402738378942]}, "properties": {"layer": "PTECH", "code": "IAM-CHA-005", "object_type": "CHAMBRE", "matched": false}}, {"type": "Feature", "geometry": {"type": "Point", "coordinates": [-8.528979758358531, 33.22416048608773]}, "properties": {"layer": "PTECH", "code": "IAM-CHA-006", "object_type": "CHAMBRE", "matched": false}}, {"type": "Feature", "geometry": {"type": "Point", "coordinates": [-8.52879219642637, 33.22431202804306]}, "properties": {"layer": "PTECH", "code": "IAM-CHA-007", "object_type": "CHAMBRE", "matched": false}}, {"type": "Feature", "geometry": {"type": "Point", "coordinates": [-8.5292132677753, 33.22395144089985]}, "properties": {"layer": "PTECH", "code": "IAM-CHA-008", "object_type": "CHAMBRE", "matched": false}}, {"type": "Feature", "geometry": {"type": "Point", "coordinates": [-8.529515312739832, 33.223730796909955]}, "properties": {"layer": "PTECH", "code": "IAM-CHA-009", "object_type": "CHAMBRE", "matched": false}}, {"type": "Feature", "geometry": {"type": "Point", "coordinates": [-8.529799062615139, 33.22346711083002]}, "properties": {"layer": "PTECH", "code": "IAM-CHA-010", "object_type": "CHAMBRE", "matched": false}}, {"type": "Feature", "geometry": {"type": "Point", "coordinates": [-8.528551643181679, 33.22384136769919]}, "properties": {"layer": "PTECH", "code": "IAM-CHA-011", "object_type": "CHAMBRE", "matched": false}}, {"type": "Feature", "geometry": {"type": "Point", "coordinates": [-8.528313577812812, 33.22398729786806]}, "properties": {"layer": "PTECH", "code": "IAM-CHA-012", "object_type": "CHAMBRE", "matched": false}}, {"type": "Feature", "geometry": {"type": "Point", "coordinates": [-8.527976330875324, 33.22377231676577]}, "properties": {"layer": "PTECH", "code": "IAM-CHA-013", "object_type": "CHAMBRE", "matched": false}}, {"type": "Feature", "geometry": {"type": "Point", "coordinates": [-8.527827671101777, 33.2236637365023]}, "properties": {"layer": "PTECH", "code": "IAM-CHA-014", "object_type": "CHAMBRE", "matched": false}}, {"type": "Feature", "geometry": {"type": "Point", "coordinates": [-8.528278480011066, 33.223672575783716]}, "properties": {"layer": "PTECH", "code": "IAM-CHA-015", "object_type": "CHAMBRE", "matched": false}}, {"type": "Feature", "geometry": {"type": "Point", "coordinates": [-8.528405082335189, 33.22357874755445]}, "properties": {"layer": "PTECH", "code": "IAM-CHA-016", "object_type": "CHAMBRE", "matched": false}}, {"type": "Feature", "geometry": {"type": "Point", "coordinates": [-8.528133529583812, 33.22345595658466]}, "properties": {"layer": "PTECH", "code": "IAM-CHA-017", "object_type": "CHAMBRE", "matched": false}}, {"type": "Feature", "geometry": {"type": "Point", "coordinates": [-8.527545281879178, 33.22308905882162]}, "properties": {"layer": "PTECH", "code": "IAM-CHA-018", "object_type": "CHAMBRE", "matched": false}}, {"type": "Feature", "geometry": {"type": "Point", "coordinates": [-8.527297188900802, 33.22335622315665]}, "properties": {"layer": "PTECH", "code": "IAM-CHA-019", "object_type": "CHAMBRE", "matched": false}}, {"type": "Feature", "geometry": {"type": "Point", "coordinates": [-8.526969599183733, 33.22314389105681]}, "properties": {"layer": "PTECH", "code": "IAM-CHA-020", "object_type": "CHAMBRE", "matched": false}}, {"type": "Feature", "geometry": {"type": "Point", "coordinates": [-8.528177576686677, 33.2232163395327]}, "properties": {"layer": "PTECH", "code": "IAM-CHA-1021", "object_type": "CHAMBRE", "matched": false}}, {"type": "Feature", "geometry": {"type": "Point", "coordinates": [-8.528554129331209, 33.22329613042294]}, "properties": {"layer": "PTECH", "code": "IAM-CHA-022", "object_type": "CHAMBRE", "matched": false}}, {"type": "Feature", "geometry": {"type": "Point", "coordinates": [-8.529077654430598, 33.22337172180959]}, "properties": {"layer": "PTECH", "code": "IAM-CHA-023", "object_type": "CHAMBRE", "matched": false}}, {"type": "Feature", "geometry": {"type": "Point", "coordinates": [-8.528740091694296, 33.223668274686204]}, "properties": {"layer": "PTECH", "code": "IAM-CHA-024", "object_type": "CHAMBRE", "matched": false}}, {"type": "Feature", "geometry": {"type": "Point", "coordinates": [-8.527971878626884, 33.22319956908735]}, "properties": {"layer": "PTECH", "code": "IAM-CHA-025", "object_type": "CHAMBRE", "matched": false}}, {"type": "Feature", "geometry": {"type": "Point", "coordinates": [-8.528634253071166, 33.22482455601238]}, "properties": {"layer": "PTECH", "code": "IAM-CHA-026", "object_type": "CHAMBRE", "matched": false}}, {"type": "Feature", "geometry": {"type": "Point", "coordinates": [-8.528742403907374, 33.224899080852566]}, "properties": {"layer": "PTECH", "code": "IAM-CHA-027", "object_type": "CHAMBRE", "matched": false}}, {"type": "Feature", "geometry": {"type": "Point", "coordinates": [-8.528282615109973, 33.22533203683187]}, "properties": {"layer": "PTECH", "code": "IAM-CHA-028", "object_type": "CHAMBRE", "matched": false}}, {"type": "Feature", "geometry": {"type": "Point", "coordinates": [-8.529328612983164, 33.2260184857002]}, "properties": {"layer": "PTECH", "code": "IAM-CHA-029", "object_type": "CHAMBRE", "matched": false}}, {"type": "Feature", "geometry": {"type": "Point", "coordinates": [-8.52980169461486, 33.22625060079326]}, "properties": {"layer": "PTECH", "code": "IAM-CHA-030", "object_type": "CHAMBRE", "matched": false}}, {"type": "Feature", "geometry": {"type": "Point", "coordinates": [-8.529889571925468, 33.22616674505154]}, "properties": {"layer": "PTECH", "code": "IAM-CHA-031", "object_type": "CHAMBRE", "matched": false}}, {"type": "Feature", "geometry": {"type": "Point", "coordinates": [-8.530419955291645, 33.225565796557156]}, "properties": {"layer": "PTECH", "code": "IAM-CHA-032", "object_type": "CHAMBRE", "matched": false}}, {"type": "Feature", "geometry": {"type": "Point", "coordinates": [-8.530788898133833, 33.22575781206354]}, "properties": {"layer": "PTECH", "code": "IAM-CHA-033", "object_type": "CHAMBRE", "matched": false}}, {"type": "Feature", "geometry": {"type": "Point", "coordinates": [-8.531136907944814, 33.22540257606415]}, "properties": {"layer": "PTECH", "code": "IAM-CHA-034", "object_type": "CHAMBRE", "matched": false}}, {"type": "Feature", "geometry": {"type": "Point", "coordinates": [-8.531604220290856, 33.225463356458945]}, "properties": {"layer": "PTECH", "code": "IAM-CHA-035", "object_type": "CHAMBRE", "matched": false}}, {"type": "Feature", "geometry": {"type": "Point", "coordinates": [-8.53212318246715, 33.22502070144408]}, "properties": {"layer": "PTECH", "code": "IAM-CHA-036", "object_type": "CHAMBRE", "matched": false}}, {"type": "Feature", "geometry": {"type": "Point", "coordinates": [-8.532518991985254, 33.22467830081467]}, "properties": {"layer": "PTECH", "code": "IAM-CHA-037", "object_type": "CHAMBRE", "matched": false}}, {"type": "Feature", "geometry": {"type": "Point", "coordinates": [-8.533022042382028, 33.224258282193816]}, "properties": {"layer": "PTECH", "code": "IAM-CHA-038", "object_type": "CHAMBRE", "matched": false}}, {"type": "Feature", "geometry": {"type": "Point", "coordinates": [-8.53180770328185, 33.22373017826089]}, "properties": {"layer": "PTECH", "code": "IAM-CHA-040", "object_type": "CHAMBRE", "matched": false}}, {"type": "Feature", "geometry": {"type": "Point", "coordinates": [-8.532976014448723, 33.22421730709169]}, "properties": {"layer": "PTECH", "code": "INWI-CHA-039", "object_type": "CHAMBRE", "matched": false}}, {"type": "Feature", "geometry": {"type": "Point", "coordinates": [-8.528694464203774, 33.223959344351876]}, "properties": {"layer": "PTECH", "code": "INWI-CHA-041", "object_type": "CHAMBRE", "matched": false}}, {"type": "Feature", "geometry": {"type": "Point", "coordinates": [-8.528993337433814, 33.22404183556489]}, "properties": {"layer": "PTECH", "code": "IAM-FAC-001", "object_type": "IMMEUBLE", "matched": false}}, {"type": "Feature", "geometry": {"type": "Point", "coordinates": [-8.528865250574961, 33.22415011365008]}, "properties": {"layer": "PTECH", "code": "IAM-FAC-003", "object_type": "IMMEUBLE", "matched": false}}, {"type": "Feature", "geometry": {"type": "Point", "coordinates": [-8.529112434120918, 33.22413042241091]}, "properties": {"layer": "PTECH", "code": "IAM-FAC-005", "object_type": "IMMEUBLE", "matched": false}}, {"type": "Feature", "geometry": {"type": "Point", "coordinates": [-8.529005485490675, 33.22425543216263]}, "properties": {"layer": "PTECH", "code": "IAM-FAC-007", "object_type": "IMMEUBLE", "matched": false}}, {"type": "Feature", "geometry": {"type": "Point", "coordinates": [-8.528690611500847, 33.22427097700283]}, "properties": {"layer": "PTECH", "code": "IAM-FAC-009", "object_type": "IMMEUBLE", "matched": false}}, {"type": "Feature", "geometry": {"type": "Point", "coordinates": [-8.528785647691613, 33.224378020220115]}, "properties": {"layer": "PTECH", "code": "IAM-FAC-011", "object_type": "IMMEUBLE", "matched": false}}, {"type": "Feature", "geometry": {"type": "Point", "coordinates": [-8.52914454176964, 33.223898445801545]}, "properties": {"layer": "PTECH", "code": "IAM-FAC-013", "object_type": "IMMEUBLE", "matched": false}}, {"type": "Feature", "geometry": {"type": "Point", "coordinates": [-8.529291004216375, 33.223807553781384]}, "properties": {"layer": "PTECH", "code": "IAM-FAC-015", "object_type": "IMMEUBLE", "matched": false}}, {"type": "Feature", "geometry": {"type": "Point", "coordinates": [-8.529387967801762, 33.22389055338643]}, "properties": {"layer": "PTECH", "code": "IAM-FAC-017", "object_type": "IMMEUBLE", "matched": false}}, {"type": "Feature", "geometry": {"type": "Point", "coordinates": [-8.529270389732046, 33.2240298769669]}, "properties": {"layer": "PTECH", "code": "IAM-FAC-019", "object_type": "IMMEUBLE", "matched": false}}, {"type": "Feature", "geometry": {"type": "Point", "coordinates": [-8.529432937802035, 33.223648303432796]}, "properties": {"layer": "PTECH", "code": "IAM-FAC-021", "object_type": "ANCRAGE FACADE", "matched": false}}, {"type": "Feature", "geometry": {"type": "Point", "coordinates": [-8.529580352649633, 33.22354509713372]}, "properties": {"layer": "PTECH", "code": "IAM-FAC-023", "object_type": "IMMEUBLE", "matched": false}}, {"type": "Feature", "geometry": {"type": "Point", "coordinates": [-8.529566647012585, 33.22378538844853]}, "properties": {"layer": "PTECH", "code": "IAM-FAC-025", "object_type": "IMMEUBLE", "matched": false}}, {"type": "Feature", "geometry": {"type": "Point", "coordinates": [-8.529726730211125, 33.22339279075881]}, "properties": {"layer": "PTECH", "code": "IAM-FAC-027", "object_type": "IMMEUBLE", "matched": false}}, {"type": "Feature", "geometry": {"type": "Point", "coordinates": [-8.52984700637632, 33.223427179475166]}, "properties": {"layer": "PTECH", "code": "IAM-FAC-029", "object_type": "IMMEUBLE", "matched": false}}, {"type": "Feature", "geometry": {"type": "Point", "coordinates": [-8.529908978940778, 33.223500104617465]}, "properties": {"layer": "PTECH", "code": "IAM-FAC-031", "object_type": "IMMEUBLE", "matched": false}}, {"type": "Feature", "geometry": {"type": "Point", "coordinates": [-8.529713065479609, 33.223610369692814]}, "properties": {"layer": "PTECH", "code": "IAM-FAC-032", "object_type": "ANCRAGE FACADE", "matched": false}}, {"type": "Feature", "geometry": {"type": "Point", "coordinates": [-8.528302282544532, 33.2238475452658]}, "properties": {"layer": "PTECH", "code": "IAM-FAC-033", "object_type": "IMMEUBLE", "matched": false}}, {"type": "Feature", "geometry": {"type": "Point", "coordinates": [-8.528464367252651, 33.22397981967245]}, "properties": {"layer": "PTECH", "code": "IAM-FAC-035", "object_type": "ANCRAGE FACADE", "matched": false}}, {"type": "Feature", "geometry": {"type": "Point", "coordinates": [-8.528350677435613, 33.22406227671055]}, "properties": {"layer": "PTECH", "code": "IAM-FAC-037", "object_type": "IMMEUBLE", "matched": false}}, {"type": "Feature", "geometry": {"type": "Point", "coordinates": [-8.528207214970644, 33.22399332328706]}, "properties": {"layer": "PTECH", "code": "IAM-FAC-039", "object_type": "IMMEUBLE", "matched": false}}, {"type": "Feature", "geometry": {"type": "Point", "coordinates": [-8.527983212547472, 33.22364782824172]}, "properties": {"layer": "PTECH", "code": "IAM-FAC-041", "object_type": "IMMEUBLE", "matched": false}}, {"type": "Feature", "geometry": {"type": "Point", "coordinates": [-8.528102859856403, 33.22378117249491]}, "properties": {"layer": "PTECH", "code": "IAM-FAC-043", "object_type": "IMMEUBLE", "matched": false}}, {"type": "Feature", "geometry": {"type": "Point", "coordinates": [-8.527999813765657, 33.2238692133182]}, "properties": {"layer": "PTECH", "code": "IAM-FAC-045", "object_type": "IMMEUBLE", "matched": false}}, {"type": "Feature", "geometry": {"type": "Point", "coordinates": [-8.527861448055871, 33.22378696332344]}, "properties": {"layer": "PTECH", "code": "IAM-FAC-047", "object_type": "IMMEUBLE", "matched": false}}, {"type": "Feature", "geometry": {"type": "Point", "coordinates": [-8.527771425437594, 33.223556894116925]}, "properties": {"layer": "PTECH", "code": "IAM-FAC-049", "object_type": "IMMEUBLE", "matched": false}}, {"type": "Feature", "geometry": {"type": "Point", "coordinates": [-8.527698057393495, 33.22362780033469]}, "properties": {"layer": "PTECH", "code": "IAM-FAC-051", "object_type": "IMMEUBLE", "matched": false}}, {"type": "Feature", "geometry": {"type": "Point", "coordinates": [-8.52870000949012, 33.223392743702476]}, "properties": {"layer": "PTECH", "code": "IAM-FAC-053", "object_type": "IMMEUBLE", "matched": false}}, {"type": "Feature", "geometry": {"type": "Point", "coordinates": [-8.528561134047184, 33.22320838409838]}, "properties": {"layer": "PTECH", "code": "IAM-FAC-055", "object_type": "IMMEUBLE", "matched": false}}, {"type": "Feature", "geometry": {"type": "Point", "coordinates": [-8.528721959739848, 33.223266365244065]}, "properties": {"layer": "PTECH", "code": "IAM-FAC-057", "object_type": "IMMEUBLE", "matched": false}}, {"type": "Feature", "geometry": {"type": "Point", "coordinates": [-8.529005030492417, 33.22327678696727]}, "properties": {"layer": "PTECH", "code": "IAM-FAC-059", "object_type": "IMMEUBLE", "matched": false}}, {"type": "Feature", "geometry": {"type": "Point", "coordinates": [-8.529240766917535, 33.22336565216964]}, "properties": {"layer": "PTECH", "code": "IAM-FAC-061", "object_type": "IMMEUBLE", "matched": false}}, {"type": "Feature", "geometry": {"type": "Point", "coordinates": [-8.529080186244242, 33.2234706530394]}, "properties": {"layer": "PTECH", "code": "IAM-FAC-063", "object_type": "IMMEUBLE", "matched": false}}, {"type": "Feature", "geometry": {"type": "Point", "coordinates": [-8.528755471595334, 33.22373721871175]}, "properties": {"layer": "PTECH", "code": "IAM-FAC-067", "object_type": "IMMEUBLE", "matched": false}}, {"type": "Feature", "geometry": {"type": "Point", "coordinates": [-8.528710511426457, 33.22360901536928]}, "properties": {"layer": "PTECH", "code": "IAM-FAC-069", "object_type": "ANCRAGE FACADE", "matched": false}}, {"type": "Feature", "geometry": {"type": "Point", "coordinates": [-8.528099296727408, 33.22314452841471]}, "properties": {"layer": "PTECH", "code": "IAM-FAC-071", "object_type": "IMMEUBLE", "matched": false}}, {"type": "Feature", "geometry": {"type": "Point", "coordinates": [-8.527931880417484, 33.22323360612343]}, "properties": {"layer": "PTECH", "code": "IAM-FAC-073", "object_type": "IMMEUBLE", "matched": false}}, {"type": "Feature", "geometry": {"type": "Point", "coordinates": [-8.527658413773025, 33.22308248397644]}, "properties": {"layer": "PTECH", "code": "IAM-FAC-075", "object_type": "ANCRAGE FACADE", "matched": false}}, {"type": "Feature", "geometry": {"type": "Point", "coordinates": [-8.527440530380437, 33.22300604114639]}, "properties": {"layer": "PTECH", "code": "IAM-FAC-077", "object_type": "IMMEUBLE", "matched": false}}, {"type": "Feature", "geometry": {"type": "Point", "coordinates": [-8.527302487969163, 33.22323541911883]}, "properties": {"layer": "PTECH", "code": "IAM-FAC-079", "object_type": "IMMEUBLE", "matched": false}}, {"type": "Feature", "geometry": {"type": "Point", "coordinates": [-8.527440054474315, 33.223363630652834]}, "properties": {"layer": "PTECH", "code": "IAM-FAC-081", "object_type": "IMMEUBLE", "matched": false}}, {"type": "Feature", "geometry": {"type": "Point", "coordinates": [-8.52735034455216, 33.223444897364594]}, "properties": {"layer": "PTECH", "code": "IAM-FAC-083", "object_type": "IMMEUBLE", "matched": false}}, {"type": "Feature", "geometry": {"type": "Point", "coordinates": [-8.527155084265328, 33.2233585203111]}, "properties": {"layer": "PTECH", "code": "IAM-FAC-085", "object_type": "IMMEUBLE", "matched": false}}, {"type": "Feature", "geometry": {"type": "Point", "coordinates": [-8.527107767481898, 33.223144639152615]}, "properties": {"layer": "PTECH", "code": "IAM-FAC-087", "object_type": "IMMEUBLE", "matched": false}}, {"type": "Feature", "geometry": {"type": "Point", "coordinates": [-8.526990251248858, 33.22322719134689]}, "properties": {"layer": "PTECH", "code": "IAM-FAC-089", "object_type": "IMMEUBLE", "matched": false}}, {"type": "Feature", "geometry": {"type": "Point", "coordinates": [-8.526860119941846, 33.223170775715424]}, "properties": {"layer": "PTECH", "code": "IAM-FAC-091", "object_type": "IMMEUBLE", "matched": false}}, {"type": "Feature", "geometry": {"type": "Point", "coordinates": [-8.527908638415253, 33.22311030522072]}, "properties": {"layer": "PTECH", "code": "IAM-FAC-093", "object_type": "IMMEUBLE", "matched": false}}, {"type": "Feature", "geometry": {"type": "Point", "coordinates": [-8.5282804623523, 33.22316380267345]}, "properties": {"layer": "PTECH", "code": "IAM-FAC-095", "object_type": "IMMEUBLE", "matched": false}}, {"type": "Feature", "geometry": {"type": "Point", "coordinates": [-8.527620511255646, 33.22344598250425]}, "properties": {"layer": "PTECH", "code": "IAM-FAC-097", "object_type": "IMMEUBLE", "matched": false}}, {"type": "Feature", "geometry": {"type": "Point", "coordinates": [-8.527497112382735, 33.22355882286067]}, "properties": {"layer": "PTECH", "code": "IAM-FAC-099", "object_type": "IMMEUBLE", "matched": false}}, {"type": "Feature", "geometry": {"type": "Point", "coordinates": [-8.528929911306605, 33.22361080053726]}, "properties": {"layer": "PTECH", "code": "IAM-FAC-065", "object_type": "IMMEUBLE", "matched": false}}, {"type": "Feature", "geometry": {"type": "Point", "coordinates": [-8.528976265476537, 33.22403173170363]}, "properties": {"layer": "PTECH", "code": "IAM-FAC-002", "object_type": "IMMEUBLE", "matched": false}}, {"type": "Feature", "geometry": {"type": "Point", "coordinates": [-8.528840025357708, 33.2241261696829]}, "properties": {"layer": "PTECH", "code": "IAM-FAC-004", "object_type": "IMMEUBLE", "matched": false}}, {"type": "Feature", "geometry": {"type": "Point", "coordinates": [-8.529131718358968, 33.2241439818864]}, "properties": {"layer": "PTECH", "code": "IAM-FAC-006", "object_type": "IMMEUBLE", "matched": false}}, {"type": "Feature", "geometry": {"type": "Point", "coordinates": [-8.529031093498423, 33.224270587947146]}, "properties": {"layer": "PTECH", "code": "IAM-FAC-008", "object_type": "IMMEUBLE", "matched": false}}, {"type": "Feature", "geometry": {"type": "Point", "coordinates": [-8.528679042424178, 33.2242589787003]}, "properties": {"layer": "PTECH", "code": "IAM-FAC-010", "object_type": "IMMEUBLE", "matched": false}}, {"type": "Feature", "geometry": {"type": "Point", "coordinates": [-8.528799978678277, 33.22438936366356]}, "properties": {"layer": "PTECH", "code": "IAM-FAC-012", "object_type": "IMMEUBLE", "matched": false}}, {"type": "Feature", "geometry": {"type": "Point", "coordinates": [-8.529123254000863, 33.22388727776906]}, "properties": {"layer": "PTECH", "code": "IAM-FAC-014", "object_type": "IMMEUBLE", "matched": false}}, {"type": "Feature", "geometry": {"type": "Point", "coordinates": [-8.529270182599484, 33.223789936453734]}, "properties": {"layer": "PTECH", "code": "IAM-FAC-016", "object_type": "IMMEUBLE", "matched": false}}, {"type": "Feature", "geometry": {"type": "Point", "coordinates": [-8.52940668155301, 33.22390763860296]}, "properties": {"layer": "PTECH", "code": "IAM-FAC-018", "object_type": "IMMEUBLE", "matched": false}}, {"type": "Feature", "geometry": {"type": "Point", "coordinates": [-8.52928480419153, 33.22404355918473]}, "properties": {"layer": "PTECH", "code": "IAM-FAC-020", "object_type": "IMMEUBLE", "matched": false}}, {"type": "Feature", "geometry": {"type": "Point", "coordinates": [-8.529408658663494, 33.223631358529964]}, "properties": {"layer": "PTECH", "code": "IAM-FAC-022", "object_type": "ANCRAGE FACADE", "matched": false}}, {"type": "Feature", "geometry": {"type": "Point", "coordinates": [-8.529562355489224, 33.22352857911032]}, "properties": {"layer": "PTECH", "code": "IAM-FAC-024", "object_type": "IMMEUBLE", "matched": false}}, {"type": "Feature", "geometry": {"type": "Point", "coordinates": [-8.529590147068355, 33.22380001203025]}, "properties": {"layer": "PTECH", "code": "IAM-FAC-026", "object_type": "IMMEUBLE", "matched": false}}, {"type": "Feature", "geometry": {"type": "Point", "coordinates": [-8.529716636385903, 33.223383647943066]}, "properties": {"layer": "PTECH", "code": "IAM-FAC-028", "object_type": "IMMEUBLE", "matched": false}}, {"type": "Feature", "geometry": {"type": "Point", "coordinates": [-8.529857738947447, 33.22342061759573]}, "properties": {"layer": "PTECH", "code": "IAM-FAC-030", "object_type": "IMMEUBLE", "matched": false}}, {"type": "Feature", "geometry": {"type": "Point", "coordinates": [-8.528311994444097, 33.22383676630577]}, "properties": {"layer": "PTECH", "code": "IAM-FAC-034", "object_type": "IMMEUBLE", "matched": false}}, {"type": "Feature", "geometry": {"type": "Point", "coordinates": [-8.528477136703717, 33.22396691532246]}, "properties": {"layer": "PTECH", "code": "IAM-FAC-036", "object_type": "ANCRAGE FACADE", "matched": false}}, {"type": "Feature", "geometry": {"type": "Point", "coordinates": [-8.528331601435397, 33.224083825868824]}, "properties": {"layer": "PTECH", "code": "IAM-FAC-038", "object_type": "IMMEUBLE", "matched": false}}, {"type": "Feature", "geometry": {"type": "Point", "coordinates": [-8.528193054110211, 33.2240062626732]}, "properties": {"layer": "PTECH", "code": "IAM-FAC-040", "object_type": "IMMEUBLE", "matched": false}}, {"type": "Feature", "geometry": {"type": "Point", "coordinates": [-8.527997216945455, 33.22363050357119]}, "properties": {"layer": "PTECH", "code": "IAM-FAC-042", "object_type": "IMMEUBLE", "matched": false}}, {"type": "Feature", "geometry": {"type": "Point", "coordinates": [-8.528118151319495, 33.223760889209785]}, "properties": {"layer": "PTECH", "code": "IAM-FAC-044", "object_type": "IMMEUBLE", "matched": false}}, {"type": "Feature", "geometry": {"type": "Point", "coordinates": [-8.527978925513112, 33.22388875977316]}, "properties": {"layer": "PTECH", "code": "IAM-FAC-046", "object_type": "IMMEUBLE", "matched": false}}, {"type": "Feature", "geometry": {"type": "Point", "coordinates": [-8.527836396132246, 33.22380690728909]}, "properties": {"layer": "PTECH", "code": "IAM-FAC-048", "object_type": "IMMEUBLE", "matched": false}}, {"type": "Feature", "geometry": {"type": "Point", "coordinates": [-8.52778124165327, 33.22354903873667]}, "properties": {"layer": "PTECH", "code": "IAM-FAC-050", "object_type": "IMMEUBLE", "matched": false}}, {"type": "Feature", "geometry": {"type": "Point", "coordinates": [-8.527683315544754, 33.22364397308514]}, "properties": {"layer": "PTECH", "code": "IAM-FAC-052", "object_type": "IMMEUBLE", "matched": false}}, {"type": "Feature", "geometry": {"type": "Point", "coordinates": [-8.528739976076666, 33.22340051482588]}, "properties": {"layer": "PTECH", "code": "IAM-FAC-054", "object_type": "IMMEUBLE", "matched": false}}, {"type": "Feature", "geometry": {"type": "Point", "coordinates": [-8.528568439076306, 33.22317893830813]}, "properties": {"layer": "PTECH", "code": "IAM-FAC-056", "object_type": "IMMEUBLE", "matched": false}}, {"type": "Feature", "geometry": {"type": "Point", "coordinates": [-8.528729222994091, 33.22323575002938]}, "properties": {"layer": "PTECH", "code": "IAM-FAC-058", "object_type": "IMMEUBLE", "matched": false}}, {"type": "Feature", "geometry": {"type": "Point", "coordinates": [-8.529013072784446, 33.223248493029764]}, "properties": {"layer": "PTECH", "code": "IAM-FAC-060", "object_type": "IMMEUBLE", "matched": false}}, {"type": "Feature", "geometry": {"type": "Point", "coordinates": [-8.52928092841971, 33.223359372601]}, "properties": {"layer": "PTECH", "code": "IAM-FAC-062", "object_type": "IMMEUBLE", "matched": false}}, {"type": "Feature", "geometry": {"type": "Point", "coordinates": [-8.529105004462794, 33.22348319516338]}, "properties": {"layer": "PTECH", "code": "IAM-FAC-064", "object_type": "IMMEUBLE", "matched": false}}, {"type": "Feature", "geometry": {"type": "Point", "coordinates": [-8.528945581385024, 33.22362064712407]}, "properties": {"layer": "PTECH", "code": "IAM-FAC-066", "object_type": "IMMEUBLE", "matched": false}}, {"type": "Feature", "geometry": {"type": "Point", "coordinates": [-8.528781225451871, 33.223756467501744]}, "properties": {"layer": "PTECH", "code": "IAM-FAC-068", "object_type": "IMMEUBLE", "matched": false}}, {"type": "Feature", "geometry": {"type": "Point", "coordinates": [-8.52867636774948, 33.223588807565456]}, "properties": {"layer": "PTECH", "code": "IAM-FAC-070", "object_type": "ANCRAGE FACADE", "matched": false}}, {"type": "Feature", "geometry": {"type": "Point", "coordinates": [-8.528108160127461, 33.223119725250136]}, "properties": {"layer": "PTECH", "code": "IAM-FAC-072", "object_type": "IMMEUBLE", "matched": false}}, {"type": "Feature", "geometry": {"type": "Point", "coordinates": [-8.527920067388214, 33.2232538017349]}, "properties": {"layer": "PTECH", "code": "IAM-FAC-074", "object_type": "IMMEUBLE", "matched": false}}, {"type": "Feature", "geometry": {"type": "Point", "coordinates": [-8.527665398822244, 33.22306358050813]}, "properties": {"layer": "PTECH", "code": "IAM-FAC-076", "object_type": "ANCRAGE FACADE", "matched": false}}, {"type": "Feature", "geometry": {"type": "Point", "coordinates": [-8.527455355583946, 33.22299220725471]}, "properties": {"layer": "PTECH", "code": "IAM-FAC-078", "object_type": "IMMEUBLE", "matched": false}}, {"type": "Feature", "geometry": {"type": "Point", "coordinates": [-8.527318621173132, 33.22321921135858]}, "properties": {"layer": "PTECH", "code": "IAM-FAC-080", "object_type": "IMMEUBLE", "matched": false}}, {"type": "Feature", "geometry": {"type": "Point", "coordinates": [-8.527449189189454, 33.22334642873758]}, "properties": {"layer": "PTECH", "code": "IAM-FAC-082", "object_type": "IMMEUBLE", "matched": false}}, {"type": "Feature", "geometry": {"type": "Point", "coordinates": [-8.527338914234676, 33.223456304775745]}, "properties": {"layer": "PTECH", "code": "IAM-FAC-084", "object_type": "IMMEUBLE", "matched": false}}, {"type": "Feature", "geometry": {"type": "Point", "coordinates": [-8.52714116315366, 33.22337818371874]}, "properties": {"layer": "PTECH", "code": "IAM-FAC-086", "object_type": "IMMEUBLE", "matched": false}}, {"type": "Feature", "geometry": {"type": "Point", "coordinates": [-8.527123587923231, 33.22311966079926]}, "properties": {"layer": "PTECH", "code": "IAM-FAC-088", "object_type": "IMMEUBLE", "matched": false}}, {"type": "Feature", "geometry": {"type": "Point", "coordinates": [-8.526970743852932, 33.22324641022959]}, "properties": {"layer": "PTECH", "code": "IAM-FAC-090", "object_type": "IMMEUBLE", "matched": false}}, {"type": "Feature", "geometry": {"type": "Point", "coordinates": [-8.526844090913459, 33.2231899069558]}, "properties": {"layer": "PTECH", "code": "IAM-FAC-092", "object_type": "IMMEUBLE", "matched": false}}, {"type": "Feature", "geometry": {"type": "Point", "coordinates": [-8.527891279651335, 33.22310679231898]}, "properties": {"layer": "PTECH", "code": "IAM-FAC-094", "object_type": "IMMEUBLE", "matched": false}}, {"type": "Feature", "geometry": {"type": "Point", "coordinates": [-8.528281605211166, 33.22315192290025]}, "properties": {"layer": "PTECH", "code": "IAM-FAC-096", "object_type": "IMMEUBLE", "matched": false}}, {"type": "Feature", "geometry": {"type": "Point", "coordinates": [-8.527627487402407, 33.22343658930895]}, "properties": {"layer": "PTECH", "code": "IAM-FAC-098", "object_type": "IMMEUBLE", "matched": false}}, {"type": "Feature", "geometry": {"type": "Point", "coordinates": [-8.527477248635552, 33.223572930004565]}, "properties": {"layer": "PTECH", "code": "IAM-FAC-100", "object_type": "IMMEUBLE", "matched": false}}, {"type": "Feature", "geometry": {"type": "Point", "coordinates": [-8.529876321895596, 33.223546758176624]}, "properties": {"layer": "IMB", "code": "JAD-MAR-BAT-0001", "object_type": "IMB", "matched": false}}, {"type": "Feature", "geometry": {"type": "Point", "coordinates": [-8.529744436329029, 33.223613382278344]}, "properties": {"layer": "IMB", "code": "JAD-MAR-BAT-0002", "object_type": "IMB", "matched": false}}, {"type": "Feature", "geometry": {"type": "Point", "coordinates": [-8.52961917361223, 33.223787472231464]}, "properties": {"layer": "IMB", "code": "JAD-MAR-BAT-0003", "object_type": "IMB", "matched": false}}, {"type": "Feature", "geometry": {"type": "Point", "coordinates": [-8.529413265516716, 33.22388763188027]}, "properties": {"layer": "IMB", "code": "JAD-MAR-BAT-0004", "object_type": "IMB", "matched": false}}, {"type": "Feature", "geometry": {"type": "Point", "coordinates": [-8.529320844178496, 33.224056038618095]}, "properties": {"layer": "IMB", "code": "JAD-MAR-BAT-0005", "object_type": "IMB", "matched": false}}, {"type": "Feature", "geometry": {"type": "Point", "coordinates": [-8.529157973109482, 33.22414477916167]}, "properties": {"layer": "IMB", "code": "JAD-MAR-BAT-0006", "object_type": "IMB", "matched": false}}, {"type": "Feature", "geometry": {"type": "Point", "coordinates": [-8.529010834062325, 33.22428204946661]}, "properties": {"layer": "IMB", "code": "JAD-MAR-BAT-0007", "object_type": "IMB", "matched": false}}, {"type": "Feature", "geometry": {"type": "Point", "coordinates": [-8.528817980488046, 33.22438027620091]}, "properties": {"layer": "IMB", "code": "JAD-MAR-BAT-0008", "object_type": "IMB", "matched": false}}, {"type": "Feature", "geometry": {"type": "Point", "coordinates": [-8.528679374732102, 33.224301497700594]}, "properties": {"layer": "IMB", "code": "JAD-MAR-BAT-0009", "object_type": "IMB", "matched": false}}, {"type": "Feature", "geometry": {"type": "Point", "coordinates": [-8.528793862693586, 33.22414431025225]}, "properties": {"layer": "IMB", "code": "JAD-MAR-BAT-0010", "object_type": "IMB", "matched": false}}, {"type": "Feature", "geometry": {"type": "Point", "coordinates": [-8.528951363910085, 33.224017156660786]}, "properties": {"layer": "IMB", "code": "JAD-MAR-BAT-0011", "object_type": "IMB", "matched": false}}, {"type": "Feature", "geometry": {"type": "Point", "coordinates": [-8.529140785337868, 33.22387472121527]}, "properties": {"layer": "IMB", "code": "JAD-MAR-BAT-0012", "object_type": "IMB", "matched": false}}, {"type": "Feature", "geometry": {"type": "Point", "coordinates": [-8.529255233278885, 33.22377851966913]}, "properties": {"layer": "IMB", "code": "JAD-MAR-BAT-0013", "object_type": "IMB", "matched": false}}, {"type": "Feature", "geometry": {"type": "Point", "coordinates": [-8.529391431244443, 33.22364823701361]}, "properties": {"layer": "IMB", "code": "JAD-MAR-BAT-0014", "object_type": "IMB", "matched": false}}, {"type": "Feature", "geometry": {"type": "Point", "coordinates": [-8.529523903931608, 33.223524623802284]}, "properties": {"layer": "IMB", "code": "JAD-MAR-BAT-0015", "object_type": "IMB", "matched": false}}, {"type": "Feature", "geometry": {"type": "Point", "coordinates": [-8.529709144461567, 33.223377600645165]}, "properties": {"layer": "IMB", "code": "JAD-MAR-BAT-0016", "object_type": "IMB", "matched": false}}, {"type": "Feature", "geometry": {"type": "Point", "coordinates": [-8.529862242398787, 33.22341619284624]}, "properties": {"layer": "IMB", "code": "JAD-MAR-BAT-0017", "object_type": "IMB", "matched": false}}, {"type": "Feature", "geometry": {"type": "Point", "coordinates": [-8.529278437408209, 33.22331272590999]}, "properties": {"layer": "IMB", "code": "JAD-MAR-BAT-0018", "object_type": "IMB", "matched": false}}, {"type": "Feature", "geometry": {"type": "Point", "coordinates": [-8.52910864288067, 33.22350519625571]}, "properties": {"layer": "IMB", "code": "JAD-MAR-BAT-0019", "object_type": "IMB", "matched": false}}, {"type": "Feature", "geometry": {"type": "Point", "coordinates": [-8.528930368030077, 33.223629836774265]}, "properties": {"layer": "IMB", "code": "JAD-MAR-BAT-0020", "object_type": "IMB", "matched": false}}, {"type": "Feature", "geometry": {"type": "Point", "coordinates": [-8.528809001839152, 33.22373744583956]}, "properties": {"layer": "IMB", "code": "JAD-MAR-BAT-0021", "object_type": "IMB", "matched": false}}, {"type": "Feature", "geometry": {"type": "Point", "coordinates": [-8.528675675415101, 33.223615045092565]}, "properties": {"layer": "IMB", "code": "JAD-MAR-BAT-0022", "object_type": "IMB", "matched": false}}, {"type": "Feature", "geometry": {"type": "Point", "coordinates": [-8.528746898229503, 33.22344480103565]}, "properties": {"layer": "IMB", "code": "JAD-MAR-BAT-0023", "object_type": "IMB", "matched": false}}, {"type": "Feature", "geometry": {"type": "Point", "coordinates": [-8.529009348344765, 33.22322237171382]}, "properties": {"layer": "IMB", "code": "JAD-MAR-BAT-0024", "object_type": "IMB", "matched": false}}, {"type": "Feature", "geometry": {"type": "Point", "coordinates": [-8.528779837320497, 33.22320634203975]}, "properties": {"layer": "IMB", "code": "JAD-MAR-BAT-0025", "object_type": "IMB", "matched": false}}, {"type": "Feature", "geometry": {"type": "Point", "coordinates": [-8.528529465430708, 33.22314475670168]}, "properties": {"layer": "IMB", "code": "JAD-MAR-BAT-0026", "object_type": "IMB", "matched": false}}, {"type": "Feature", "geometry": {"type": "Point", "coordinates": [-8.528344029863486, 33.22312962795038]}, "properties": {"layer": "IMB", "code": "JAD-MAR-BAT-0027", "object_type": "IMB", "matched": false}}, {"type": "Feature", "geometry": {"type": "Point", "coordinates": [-8.528084608457645, 33.223086739343906]}, "properties": {"layer": "IMB", "code": "JAD-MAR-BAT-0028", "object_type": "IMB", "matched": false}}, {"type": "Feature", "geometry": {"type": "Point", "coordinates": [-8.527911131770285, 33.223075161180105]}, "properties": {"layer": "IMB", "code": "JAD-MAR-BAT-0029", "object_type": "IMB", "matched": false}}, {"type": "Feature", "geometry": {"type": "Point", "coordinates": [-8.527882454836133, 33.223243406060135]}, "properties": {"layer": "IMB", "code": "JAD-MAR-BAT-0030", "object_type": "IMB", "matched": false}}, {"type": "Feature", "geometry": {"type": "Point", "coordinates": [-8.52771003953541, 33.223060991698524]}, "properties": {"layer": "IMB", "code": "JAD-MAR-BAT-0031", "object_type": "IMB", "matched": false}}, {"type": "Feature", "geometry": {"type": "Point", "coordinates": [-8.527475412241595, 33.22298279649288]}, "properties": {"layer": "IMB", "code": "JAD-MAR-BAT-0032", "object_type": "IMB", "matched": false}}, {"type": "Feature", "geometry": {"type": "Point", "coordinates": [-8.527078285346414, 33.22308544865619]}, "properties": {"layer": "IMB", "code": "JAD-MAR-BAT-0033", "object_type": "IMB", "matched": false}}, {"type": "Feature", "geometry": {"type": "Point", "coordinates": [-8.527297925951126, 33.223209292155715]}, "properties": {"layer": "IMB", "code": "JAD-MAR-BAT-0034", "object_type": "IMB", "matched": false}}, {"type": "Feature", "geometry": {"type": "Point", "coordinates": [-8.527456156878547, 33.22330952732785]}, "properties": {"layer": "IMB", "code": "JAD-MAR-BAT-0035", "object_type": "IMB", "matched": false}}, {"type": "Feature", "geometry": {"type": "Point", "coordinates": [-8.527673502025207, 33.223425206305976]}, "properties": {"layer": "IMB", "code": "JAD-MAR-BAT-0036", "object_type": "IMB", "matched": false}}, {"type": "Feature", "geometry": {"type": "Point", "coordinates": [-8.527789137422863, 33.22351920973179]}, "properties": {"layer": "IMB", "code": "JAD-MAR-BAT-0037", "object_type": "IMB", "matched": false}}, {"type": "Feature", "geometry": {"type": "Point", "coordinates": [-8.527970539866862, 33.22361788362901]}, "properties": {"layer": "IMB", "code": "JAD-MAR-BAT-0038", "object_type": "IMB", "matched": false}}, {"type": "Feature", "geometry": {"type": "Point", "coordinates": [-8.528142567668269, 33.2237231095105]}, "properties": {"layer": "IMB", "code": "JAD-MAR-BAT-0039", "object_type": "IMB", "matched": false}}, {"type": "Feature", "geometry": {"type": "Point", "coordinates": [-8.528329447930073, 33.22382844328553]}, "properties": {"layer": "IMB", "code": "JAD-MAR-BAT-0040", "object_type": "IMB", "matched": false}}, {"type": "Feature", "geometry": {"type": "Point", "coordinates": [-8.528507275477427, 33.22395431759106]}, "properties": {"layer": "IMB", "code": "JAD-MAR-BAT-0041", "object_type": "IMB", "matched": false}}, {"type": "Feature", "geometry": {"type": "Point", "coordinates": [-8.528327531272907, 33.224106616845546]}, "properties": {"layer": "IMB", "code": "JAD-MAR-BAT-0042", "object_type": "IMB", "matched": false}}, {"type": "Feature", "geometry": {"type": "Point", "coordinates": [-8.528171107699366, 33.22402373600352]}, "properties": {"layer": "IMB", "code": "JAD-MAR-BAT-0043", "object_type": "IMB", "matched": false}}, {"type": "Feature", "geometry": {"type": "Point", "coordinates": [-8.528036521316862, 33.223921925831554]}, "properties": {"layer": "IMB", "code": "JAD-MAR-BAT-0044", "object_type": "IMB", "matched": false}}, {"type": "Feature", "geometry": {"type": "Point", "coordinates": [-8.527869526406219, 33.223810731018496]}, "properties": {"layer": "IMB", "code": "JAD-MAR-BAT-0045", "object_type": "IMB", "matched": false}}, {"type": "Feature", "geometry": {"type": "Point", "coordinates": [-8.52765724575067, 33.22368996575393]}, "properties": {"layer": "IMB", "code": "JAD-MAR-BAT-0046", "object_type": "IMB", "matched": false}}, {"type": "Feature", "geometry": {"type": "Point", "coordinates": [-8.527514208649944, 33.223575748326546]}, "properties": {"layer": "IMB", "code": "JAD-MAR-BAT-0047", "object_type": "IMB", "matched": false}}, {"type": "Feature", "geometry": {"type": "Point", "coordinates": [-8.52731437767141, 33.223454695486254]}, "properties": {"layer": "IMB", "code": "JAD-MAR-BAT-0048", "object_type": "IMB", "matched": false}}, {"type": "Feature", "geometry": {"type": "Point", "coordinates": [-8.527132702260353, 33.22338670567816]}, "properties": {"layer": "IMB", "code": "JAD-MAR-BAT-0049", "object_type": "IMB", "matched": false}}, {"type": "Feature", "geometry": {"type": "Point", "coordinates": [-8.526958044334034, 33.22327064951411]}, "properties": {"layer": "IMB", "code": "JAD-MAR-BAT-0050", "object_type": "IMB", "matched": false}}, {"type": "Feature", "geometry": {"type": "Point", "coordinates": [-8.52682794448584, 33.223177475709385]}, "properties": {"layer": "IMB", "code": "JAD-MAR-BAT-0051", "object_type": "IMB", "matched": false}}, {"type": "Feature", "geometry": {"type": "LineString", "coordinates": [[-8.528979758358531, 33.22416048608773], [-8.529000773240133, 33.22405554298645], [-8.528993337433814, 33.22404183556489]]}, "properties": {"layer": "CABLE", "code": "CDI-JAD-MAR-01-0001", "object_type": "DISTRIBUTION", "matched": true}}, {"type": "Feature", "geometry": {"type": "LineString", "coordinates": [[-8.528993337433814, 33.22404183556489], [-8.528976265476537, 33.22403173170363]]}, "properties": {"layer": "CABLE", "code": "CDI-JAD-MAR-01-0002", "object_type": "DISTRIBUTION", "matched": false}}, {"type": "Feature", "geometry": {"type": "LineString", "coordinates": [[-8.528979758358531, 33.22416048608773], [-8.52888642796425, 33.22415986403463], [-8.528865250574961, 33.22415011365008]]}, "properties": {"layer": "CABLE", "code": "CDI-JAD-MAR-01-0003", "object_type": "DISTRIBUTION", "matched": false}}, {"type": "Feature", "geometry": {"type": "LineString", "coordinates": [[-8.528865250574961, 33.22415011365008], [-8.528840025357708, 33.2241261696829]]}, "properties": {"layer": "CABLE", "code": "CDI-JAD-MAR-01-0004", "object_type": "DISTRIBUTION", "matched": false}}, {"type": "Feature", "geometry": {"type": "LineString", "coordinates": [[-8.528979758358531, 33.22416048608773], [-8.529090436756192, 33.224105104717914], [-8.529112434120918, 33.22413042241091]]}, "properties": {"layer": "CABLE", "code": "CDI-JAD-MAR-01-0005", "object_type": "DISTRIBUTION", "matched": false}}, {"type": "Feature", "geometry": {"type": "LineString", "coordinates": [[-8.529112434120918, 33.22413042241091], [-8.529131718358968, 33.2241439818864]]}, "properties": {"layer": "CABLE", "code": "CDI-JAD-MAR-01-0006", "object_type": "DISTRIBUTION", "matched": false}}, {"type": "Feature", "geometry": {"type": "LineString", "coordinates": [[-8.528979758358531, 33.22416048608773], [-8.52898906700435, 33.224242176617956], [-8.529005485490675, 33.22425543216263]]}, "properties": {"layer": "CABLE", "code": "CDI-JAD-MAR-01-0007", "object_type": "DISTRIBUTION", "matched": false}}, {"type": "Feature", "geometry": {"type": "LineString", "coordinates": [[-8.529005485490675, 33.22425543216263], [-8.529031093498423, 33.224270587947146]]}, "properties": {"layer": "CABLE", "code": "CDI-JAD-MAR-01-0008", "object_type": "DISTRIBUTION", "matched": false}}, {"type": "Feature", "geometry": {"type": "LineString", "coordinates": [[-8.52879219642637, 33.22431202804306], [-8.528711783967264, 33.2242838976396], [-8.528690611500847, 33.22427097700283]]}, "properties": {"layer": "CABLE", "code": "CDI-JAD-MAR-01-0009", "object_type": "DISTRIBUTION", "matched": false}}, {"type": "Feature", "geometry": {"type": "LineString", "coordinates": [[-8.528690611500847, 33.22427097700283], [-8.528679042424178, 33.2242589787003]]}, "properties": {"layer": "CABLE", "code": "CDI-JAD-MAR-01-0010", "object_type": "DISTRIBUTION", "matched": false}}, {"type": "Feature", "geometry": {"type": "LineString", "coordinates": [[-8.52879219642637, 33.22431202804306], [-8.528779034364705, 33.22436710236621], [-8.528785647691613, 33.224378020220115]]}, "properties": {"layer": "CABLE", "code": "CDI-JAD-MAR-01-0011", "object_type": "DISTRIBUTION", "matched": false}}, {"type": "Feature", "geometry": {"type": "LineString", "coordinates": [[-8.528785647691613, 33.224378020220115], [-8.528799978678277, 33.22438936366356]]}, "properties": {"layer": "CABLE", "code": "CDI-JAD-MAR-01-0012", "object_type": "DISTRIBUTION", "matched": false}}, {"type": "Feature", "geometry": {"type": "LineString", "coordinates": [[-8.5292132677753, 33.22395144089985], [-8.52914454176964, 33.223898445801545]]}, "properties": {"layer": "CABLE", "code": "CDI-JAD-MAR-01-0013", "object_type": "DISTRIBUTION", "matched": false}}, {"type": "Feature", "geometry": {"type": "LineString", "coordinates": [[-8.52914454176964, 33.223898445801545], [-8.529123254000863, 33.22388727776906]]}, "properties": {"layer": "CABLE", "code": "CDI-JAD-MAR-01-0014", "object_type": "DISTRIBUTION", "matched": false}}, {"type": "Feature", "geometry": {"type": "LineString", "coordinates": [[-8.5292132677753, 33.22395144089985], [-8.529306780211192, 33.223826207300974], [-8.529291004216375, 33.223807553781384]]}, "properties": {"layer": "CABLE", "code": "CDI-JAD-MAR-01-0015", "object_type": "DISTRIBUTION", "matched": false}}, {"type": "Feature", "geometry": {"type": "LineString", "coordinates": [[-8.529291004216375, 33.223807553781384], [-8.529270182599484, 33.223789936453734]]}, "properties": {"layer": "CABLE", "code": "CDI-JAD-MAR-01-0016", "object_type": "DISTRIBUTION", "matched": false}}, {"type": "Feature", "geometry": {"type": "LineString", "coordinates": [[-8.5292132677753, 33.22395144089985], [-8.529378153086558, 33.223877883824954], [-8.529387967801762, 33.22389055338643]]}, "properties": {"layer": "CABLE", "code": "CDI-JAD-MAR-01-0017", "object_type": "DISTRIBUTION", "matched": false}}, {"type": "Feature", "geometry": {"type": "LineString", "coordinates": [[-8.529387967801762, 33.22389055338643], [-8.52940668155301, 33.22390763860296]]}, "properties": {"layer": "CABLE", "code": "CDI-JAD-MAR-01-0018", "object_type": "DISTRIBUTION", "matched": false}}, {"type": "Feature", "geometry": {"type": "LineString", "coordinates": [[-8.5292132677753, 33.22395144089985], [-8.529260420149244, 33.22401591979158], [-8.529270389732046, 33.2240298769669]]}, "properties": {"layer": "CABLE", "code": "CDI-JAD-MAR-01-0019", "object_type": "DISTRIBUTION", "matched": false}}, {"type": "Feature", "geometry": {"type": "LineString", "coordinates": [[-8.529270389732046, 33.2240298769669], [-8.52928480419153, 33.22404355918473]]}, "properties": {"layer": "CABLE", "code": "CDI-JAD-MAR-01-0020", "object_type": "DISTRIBUTION", "matched": false}}, {"type": "Feature", "geometry": {"type": "LineString", "coordinates": [[-8.529515312739832, 33.223730796909955], [-8.529445116831594, 33.22365898436088], [-8.529432937802035, 33.223648303432796]]}, "properties": {"layer": "CABLE", "code": "CDI-JAD-MAR-01-0021", "object_type": "DISTRIBUTION", "matched": false}}, {"type": "Feature", "geometry": {"type": "LineString", "coordinates": [[-8.529432937802035, 33.223648303432796], [-8.529408658663494, 33.223631358529964]]}, "properties": {"layer": "CABLE", "code": "CDI-JAD-MAR-01-0022", "object_type": "DISTRIBUTION", "matched": false}}, {"type": "Feature", "geometry": {"type": "LineString", "coordinates": [[-8.529515312739832, 33.223730796909955], [-8.529598931774686, 33.22357627083521], [-8.529580352649633, 33.22354509713372]]}, "properties": {"layer": "CABLE", "code": "CDI-JAD-MAR-01-0023", "object_type": "DISTRIBUTION", "matched": false}}, {"type": "Feature", "geometry": {"type": "LineString", "coordinates": [[-8.529580352649633, 33.22354509713372], [-8.529562355489224, 33.22352857911032]]}, "properties": {"layer": "CABLE", "code": "CDI-JAD-MAR-01-0024", "object_type": "DISTRIBUTION", "matched": false}}, {"type": "Feature", "geometry": {"type": "LineString", "coordinates": [[-8.529515312739832, 33.223730796909955], [-8.529566647012585, 33.22378538844853]]}, "properties": {"layer": "CABLE", "code": "CDI-JAD-MAR-01-0025", "object_type": "DISTRIBUTION", "matched": false}}, {"type": "Feature", "geometry": {"type": "LineString", "coordinates": [[-8.529566647012585, 33.22378538844853], [-8.529590147068355, 33.22380001203025]]}, "properties": {"layer": "CABLE", "code": "CDI-JAD-MAR-01-0026", "object_type": "DISTRIBUTION", "matched": false}}, {"type": "Feature", "geometry": {"type": "LineString", "coordinates": [[-8.529799062615139, 33.22346711083002], [-8.529735760174393, 33.223403572591174], [-8.529726730211125, 33.22339279075881]]}, "properties": {"layer": "CABLE", "code": "CDI-JAD-MAR-01-0027", "object_type": "DISTRIBUTION", "matched": false}}, {"type": "Feature", "geometry": {"type": "LineString", "coordinates": [[-8.529726730211125, 33.22339279075881], [-8.529716636385903, 33.223383647943066]]}, "properties": {"layer": "CABLE", "code": "CDI-JAD-MAR-01-0028", "object_type": "DISTRIBUTION", "matched": false}}, {"type": "Feature", "geometry": {"type": "LineString", "coordinates": [[-8.529799062615139, 33.22346711083002], [-8.52984700637632, 33.223427179475166]]}, "properties": {"layer": "CABLE", "code": "CDI-JAD-MAR-01-0029", "object_type": "DISTRIBUTION", "matched": false}}, {"type": "Feature", "geometry": {"type": "LineString", "coordinates": [[-8.52984700637632, 33.223427179475166], [-8.529857738947447, 33.22342061759573]]}, "properties": {"layer": "CABLE", "code": "CDI-JAD-MAR-01-0030", "object_type": "DISTRIBUTION", "matched": false}}, {"type": "Feature", "geometry": {"type": "LineString", "coordinates": [[-8.529799062615139, 33.22346711083002], [-8.529886074979936, 33.22349846479057], [-8.529908978940778, 33.223500104617465]]}, "properties": {"layer": "CABLE", "code": "CDI-JAD-MAR-01-0031", "object_type": "DISTRIBUTION", "matched": false}}, {"type": "Feature", "geometry": {"type": "LineString", "coordinates": [[-8.529799062615139, 33.22346711083002], [-8.529706558031863, 33.22359616045943], [-8.529713065479609, 33.223610369692814]]}, "properties": {"layer": "CABLE", "code": "CDI-JAD-MAR-01-0032", "object_type": "DISTRIBUTION", "matched": false}}, {"type": "Feature", "geometry": {"type": "LineString", "coordinates": [[-8.528313577812812, 33.22398729786806], [-8.528290700114876, 33.22386174198796], [-8.528302282544532, 33.2238475452658]]}, "properties": {"layer": "CABLE", "code": "CDI-JAD-MAR-01-0033", "object_type": "DISTRIBUTION", "matched": false}}, {"type": "Feature", "geometry": {"type": "LineString", "coordinates": [[-8.528302282544532, 33.2238475452658], [-8.528311994444097, 33.22383676630577]]}, "properties": {"layer": "CABLE", "code": "CDI-JAD-MAR-01-0034", "object_type": "DISTRIBUTION", "matched": false}}, {"type": "Feature", "geometry": {"type": "LineString", "coordinates": [[-8.528313577812812, 33.22398729786806], [-8.528445391333353, 33.22398739826629], [-8.528464367252651, 33.22397981967245]]}, "properties": {"layer": "CABLE", "code": "CDI-JAD-MAR-01-0035", "object_type": "DISTRIBUTION", "matched": false}}, {"type": "Feature", "geometry": {"type": "LineString", "coordinates": [[-8.528464367252651, 33.22397981967245], [-8.528477136703717, 33.22396691532246]]}, "properties": {"layer": "CABLE", "code": "CDI-JAD-MAR-01-0036", "object_type": "DISTRIBUTION", "matched": false}}, {"type": "Feature", "geometry": {"type": "LineString", "coordinates": [[-8.528313577812812, 33.22398729786806], [-8.52836091021795, 33.224046311056384], [-8.528350677435613, 33.22406227671055]]}, "properties": {"layer": "CABLE", "code": "CDI-JAD-MAR-01-0037", "object_type": "DISTRIBUTION", "matched": false}}, {"type": "Feature", "geometry": {"type": "LineString", "coordinates": [[-8.528350677435613, 33.22406227671055], [-8.528331601435397, 33.224083825868824]]}, "properties": {"layer": "CABLE", "code": "CDI-JAD-MAR-01-0038", "object_type": "DISTRIBUTION", "matched": false}}, {"type": "Feature", "geometry": {"type": "LineString", "coordinates": [[-8.528313577812812, 33.22398729786806], [-8.528218230294398, 33.22398154598207], [-8.528207214970644, 33.22399332328706]]}, "properties": {"layer": "CABLE", "code": "CDI-JAD-MAR-01-0039", "object_type": "DISTRIBUTION", "matched": false}}, {"type": "Feature", "geometry": {"type": "LineString", "coordinates": [[-8.528207214970644, 33.22399332328706], [-8.528193054110211, 33.2240062626732]]}, "properties": {"layer": "CABLE", "code": "CDI-JAD-MAR-01-0040", "object_type": "DISTRIBUTION", "matched": false}}, {"type": "Feature", "geometry": {"type": "LineString", "coordinates": [[-8.527976330875324, 33.22377231676577], [-8.527968915500978, 33.22366724938659], [-8.527983212547472, 33.22364782824172]]}, "properties": {"layer": "CABLE", "code": "CDI-JAD-MAR-01-0041", "object_type": "DISTRIBUTION", "matched": false}}, {"type": "Feature", "geometry": {"type": "LineString", "coordinates": [[-8.527983212547472, 33.22364782824172], [-8.527997216945455, 33.22363050357119]]}, "properties": {"layer": "CABLE", "code": "CDI-JAD-MAR-01-0042", "object_type": "DISTRIBUTION", "matched": false}}, {"type": "Feature", "geometry": {"type": "LineString", "coordinates": [[-8.527976330875324, 33.22377231676577], [-8.52808875496148, 33.22379047654472], [-8.528102859856403, 33.22378117249491]]}, "properties": {"layer": "CABLE", "code": "CDI-JAD-MAR-01-0043", "object_type": "DISTRIBUTION", "matched": false}}, {"type": "Feature", "geometry": {"type": "LineString", "coordinates": [[-8.528102859856403, 33.22378117249491], [-8.528118151319495, 33.223760889209785]]}, "properties": {"layer": "CABLE", "code": "CDI-JAD-MAR-01-0044", "object_type": "DISTRIBUTION", "matched": false}}, {"type": "Feature", "geometry": {"type": "LineString", "coordinates": [[-8.527976330875324, 33.22377231676577], [-8.52801428075232, 33.22385409859801], [-8.527999813765657, 33.2238692133182]]}, "properties": {"layer": "CABLE", "code": "CDI-JAD-MAR-01-0045", "object_type": "DISTRIBUTION", "matched": false}}, {"type": "Feature", "geometry": {"type": "LineString", "coordinates": [[-8.527976330875324, 33.22377231676577], [-8.527870474509148, 33.22377613038386], [-8.527861448055871, 33.22378696332344]]}, "properties": {"layer": "CABLE", "code": "CDI-JAD-MAR-01-0047", "object_type": "DISTRIBUTION", "matched": false}}, {"type": "Feature", "geometry": {"type": "LineString", "coordinates": [[-8.527861448055871, 33.22378696332344], [-8.527836396132246, 33.22380690728909]]}, "properties": {"layer": "CABLE", "code": "CDI-JAD-MAR-01-0048", "object_type": "DISTRIBUTION", "matched": false}}, {"type": "Feature", "geometry": {"type": "LineString", "coordinates": [[-8.527827671101777, 33.2236637365023], [-8.527791068412828, 33.22357277302566], [-8.527771425437594, 33.223556894116925]]}, "properties": {"layer": "CABLE", "code": "CDI-JAD-MAR-01-0049", "object_type": "DISTRIBUTION", "matched": false}}, {"type": "Feature", "geometry": {"type": "LineString", "coordinates": [[-8.527771425437594, 33.223556894116925], [-8.52778124165327, 33.22354903873667]]}, "properties": {"layer": "CABLE", "code": "CDI-JAD-MAR-01-0050", "object_type": "DISTRIBUTION", "matched": false}}, {"type": "Feature", "geometry": {"type": "LineString", "coordinates": [[-8.527827671101777, 33.2236637365023], [-8.52770667284122, 33.223615695595456], [-8.527698057393495, 33.22362780033469]]}, "properties": {"layer": "CABLE", "code": "CDI-JAD-MAR-01-0051", "object_type": "DISTRIBUTION", "matched": false}}, {"type": "Feature", "geometry": {"type": "LineString", "coordinates": [[-8.528708013330958, 33.2239694279064], [-8.528694464203774, 33.223959344351876], [-8.52868005427605, 33.22397543830823], [-8.528774396209426, 33.224065026059286], [-8.528816410327627, 33.22402738378942], [-8.528979758358531, 33.22416048608773]]}, "properties": {"layer": "CABLE", "code": "CDI-JAD-MAR-01-1006", "object_type": "DISTRIBUTION", "matched": false}}, {"type": "Feature", "geometry": {"type": "LineString", "coordinates": [[-8.528979758358531, 33.22416048608773], [-8.52879219642637, 33.22431202804306]]}, "properties": {"layer": "CABLE", "code": "CDI-JAD-MAR-01-1007", "object_type": "DISTRIBUTION", "matched": false}}, {"type": "Feature", "geometry": {"type": "LineString", "coordinates": [[-8.528708013330958, 33.2239694279064], [-8.528694464203774, 33.223959344351876], [-8.52868005427605, 33.22397543830823], [-8.528774396209426, 33.224065026059286], [-8.528816410327627, 33.22402738378942], [-8.528979758358531, 33.22416048608773], [-8.5292132677753, 33.22395144089985]]}, "properties": {"layer": "CABLE", "code": "CDI-JAD-MAR-01-1008", "object_type": "DISTRIBUTION", "matched": false}}, {"type": "Feature", "geometry": {"type": "LineString", "coordinates": [[-8.5292132677753, 33.22395144089985], [-8.529515312739832, 33.223730796909955]]}, "properties": {"layer": "CABLE", "code": "CDI-JAD-MAR-01-1009", "object_type": "DISTRIBUTION", "matched": false}}, {"type": "Feature", "geometry": {"type": "LineString", "coordinates": [[-8.528708013330958, 33.2239694279064], [-8.528694464203774, 33.223959344351876], [-8.52868005427605, 33.22397543830823], [-8.528774396209426, 33.224065026059286], [-8.528816410327627, 33.22402738378942], [-8.528979758358531, 33.22416048608773], [-8.5292132677753, 33.22395144089985], [-8.52951532295221, 33.223730813441804], [-8.529799062615139, 33.22346711083002]]}, "properties": {"layer": "CABLE", "code": "CDI-JAD-MAR-01-1010", "object_type": "DISTRIBUTION", "matched": false}}, {"type": "Feature", "geometry": {"type": "LineString", "coordinates": [[-8.528708013330958, 33.2239694279064], [-8.528694464203774, 33.223959344351876], [-8.52868005427605, 33.22397543830823], [-8.528551643181679, 33.22384136769919], [-8.528313577812812, 33.22398729786806]]}, "properties": {"layer": "CABLE", "code": "CDI-JAD-MAR-01-1012", "object_type": "DISTRIBUTION", "matched": false}}, {"type": "Feature", "geometry": {"type": "LineString", "coordinates": [[-8.528708013330958, 33.2239694279064], [-8.528694464203774, 33.223959344351876], [-8.52868005427605, 33.22397543830823], [-8.528551643181679, 33.22384136769919], [-8.528313577812812, 33.22398729786806], [-8.527976330875324, 33.22377231676577]]}, "properties": {"layer": "CABLE", "code": "CDI-JAD-MAR-01-1013", "object_type": "DISTRIBUTION", "matched": false}}, {"type": "Feature", "geometry": {"type": "LineString", "coordinates": [[-8.528313577812812, 33.22398729786806], [-8.527976330875324, 33.22377231676577], [-8.527827671101777, 33.2236637365023]]}, "properties": {"layer": "CABLE", "code": "CDI-JAD-MAR-01-1014", "object_type": "DISTRIBUTION", "matched": false}}, {"type": "Feature", "geometry": {"type": "LineString", "coordinates": [[-8.527999813765657, 33.2238692133182], [-8.527978925513112, 33.22388875977316]]}, "properties": {"layer": "CABLE", "code": "CDI-JAD-MAR-02-0046", "object_type": "DISTRIBUTION", "matched": false}}, {"type": "Feature", "geometry": {"type": "LineString", "coordinates": [[-8.527698057393495, 33.22362780033469], [-8.527683315544754, 33.22364397308514]]}, "properties": {"layer": "CABLE", "code": "CDI-JAD-MAR-02-0052", "object_type": "DISTRIBUTION", "matched": false}}, {"type": "Feature", "geometry": {"type": "LineString", "coordinates": [[-8.528554129331209, 33.22329613042294], [-8.52868362263586, 33.22338433871355], [-8.52870000949012, 33.223392743702476]]}, "properties": {"layer": "CABLE", "code": "CDI-JAD-MAR-02-0053", "object_type": "DISTRIBUTION", "matched": false}}, {"type": "Feature", "geometry": {"type": "LineString", "coordinates": [[-8.52870000949012, 33.223392743702476], [-8.528739976076666, 33.22340051482588]]}, "properties": {"layer": "CABLE", "code": "CDI-JAD-MAR-02-0054", "object_type": "DISTRIBUTION", "matched": false}}, {"type": "Feature", "geometry": {"type": "LineString", "coordinates": [[-8.528554129331209, 33.22329613042294], [-8.528552138041203, 33.2232288790715], [-8.528561134047184, 33.22320838409838]]}, "properties": {"layer": "CABLE", "code": "CDI-JAD-MAR-02-0055", "object_type": "DISTRIBUTION", "matched": false}}, {"type": "Feature", "geometry": {"type": "LineString", "coordinates": [[-8.528561134047184, 33.22320838409838], [-8.528568439076306, 33.22317893830813]]}, "properties": {"layer": "CABLE", "code": "CDI-JAD-MAR-02-0056", "object_type": "DISTRIBUTION", "matched": false}}, {"type": "Feature", "geometry": {"type": "LineString", "coordinates": [[-8.528554129331209, 33.22329613042294], [-8.528730821209322, 33.2232916336699], [-8.528721959739848, 33.223266365244065]]}, "properties": {"layer": "CABLE", "code": "CDI-JAD-MAR-02-0057", "object_type": "DISTRIBUTION", "matched": false}}, {"type": "Feature", "geometry": {"type": "LineString", "coordinates": [[-8.528721959739848, 33.223266365244065], [-8.528729222994091, 33.22323575002938]]}, "properties": {"layer": "CABLE", "code": "CDI-JAD-MAR-02-0058", "object_type": "DISTRIBUTION", "matched": false}}, {"type": "Feature", "geometry": {"type": "LineString", "coordinates": [[-8.529077654430598, 33.22337172180959], [-8.52900448975797, 33.22329576133023], [-8.529005030492417, 33.22327678696727]]}, "properties": {"layer": "CABLE", "code": "CDI-JAD-MAR-02-0059", "object_type": "DISTRIBUTION", "matched": false}}, {"type": "Feature", "geometry": {"type": "LineString", "coordinates": [[-8.529005030492417, 33.22327678696727], [-8.529013072784446, 33.223248493029764]]}, "properties": {"layer": "CABLE", "code": "CDI-JAD-MAR-02-0060", "object_type": "DISTRIBUTION", "matched": false}}, {"type": "Feature", "geometry": {"type": "LineString", "coordinates": [[-8.529077654430598, 33.22337172180959], [-8.529222211753085, 33.22336800579652], [-8.529240766917535, 33.22336565216964]]}, "properties": {"layer": "CABLE", "code": "CDI-JAD-MAR-02-0061", "object_type": "DISTRIBUTION", "matched": false}}, {"type": "Feature", "geometry": {"type": "LineString", "coordinates": [[-8.529240766917535, 33.22336565216964], [-8.52928092841971, 33.223359372601]]}, "properties": {"layer": "CABLE", "code": "CDI-JAD-MAR-02-0062", "object_type": "DISTRIBUTION", "matched": false}}, {"type": "Feature", "geometry": {"type": "LineString", "coordinates": [[-8.529077654430598, 33.22337172180959], [-8.529071293345845, 33.223458364006916], [-8.529080186244242, 33.2234706530394]]}, "properties": {"layer": "CABLE", "code": "CDI-JAD-MAR-02-0063", "object_type": "DISTRIBUTION", "matched": false}}, {"type": "Feature", "geometry": {"type": "LineString", "coordinates": [[-8.529080186244242, 33.2234706530394], [-8.529105004462794, 33.22348319516338]]}, "properties": {"layer": "CABLE", "code": "CDI-JAD-MAR-02-0064", "object_type": "DISTRIBUTION", "matched": false}}, {"type": "Feature", "geometry": {"type": "LineString", "coordinates": [[-8.529077654430598, 33.22337172180959], [-8.528908820540614, 33.223592565779924], [-8.528929911306605, 33.22361080053726]]}, "properties": {"layer": "CABLE", "code": "CDI-JAD-MAR-02-0065", "object_type": "DISTRIBUTION", "matched": false}}, {"type": "Feature", "geometry": {"type": "LineString", "coordinates": [[-8.528929911306605, 33.22361080053726], [-8.528945581385024, 33.22362064712407]]}, "properties": {"layer": "CABLE", "code": "CDI-JAD-MAR-02-0066", "object_type": "DISTRIBUTION", "matched": false}}, {"type": "Feature", "geometry": {"type": "LineString", "coordinates": [[-8.528740091694296, 33.223668274686204], [-8.528746150705237, 33.22372125931691], [-8.528755471595334, 33.22373721871175]]}, "properties": {"layer": "CABLE", "code": "CDI-JAD-MAR-02-0067", "object_type": "DISTRIBUTION", "matched": false}}, {"type": "Feature", "geometry": {"type": "LineString", "coordinates": [[-8.528755471595334, 33.22373721871175], [-8.528781225451871, 33.223756467501744]]}, "properties": {"layer": "CABLE", "code": "CDI-JAD-MAR-02-0068", "object_type": "DISTRIBUTION", "matched": false}}, {"type": "Feature", "geometry": {"type": "LineString", "coordinates": [[-8.528740091694296, 33.223668274686204], [-8.5287184638259, 33.22362548012232], [-8.528710511426457, 33.22360901536928]]}, "properties": {"layer": "CABLE", "code": "CDI-JAD-MAR-02-0069", "object_type": "DISTRIBUTION", "matched": false}}, {"type": "Feature", "geometry": {"type": "LineString", "coordinates": [[-8.528710511426457, 33.22360901536928], [-8.52867636774948, 33.223588807565456]]}, "properties": {"layer": "CABLE", "code": "CDI-JAD-MAR-02-0070", "object_type": "DISTRIBUTION", "matched": false}}, {"type": "Feature", "geometry": {"type": "LineString", "coordinates": [[-8.528177576686677, 33.2232163395327], [-8.528095909033238, 33.223163608959396], [-8.528099296727408, 33.22314452841471]]}, "properties": {"layer": "CABLE", "code": "CDI-JAD-MAR-02-0071", "object_type": "DISTRIBUTION", "matched": false}}, {"type": "Feature", "geometry": {"type": "LineString", "coordinates": [[-8.528099296727408, 33.22314452841471], [-8.528108160127461, 33.223119725250136]]}, "properties": {"layer": "CABLE", "code": "CDI-JAD-MAR-02-0072", "object_type": "DISTRIBUTION", "matched": false}}, {"type": "Feature", "geometry": {"type": "LineString", "coordinates": [[-8.528177576686677, 33.2232163395327], [-8.527971878626884, 33.22319956908735], [-8.527931880417484, 33.22323360612343]]}, "properties": {"layer": "CABLE", "code": "CDI-JAD-MAR-02-0073", "object_type": "DISTRIBUTION", "matched": false}}, {"type": "Feature", "geometry": {"type": "LineString", "coordinates": [[-8.527931880417484, 33.22323360612343], [-8.527920067388214, 33.2232538017349]]}, "properties": {"layer": "CABLE", "code": "CDI-JAD-MAR-02-0074", "object_type": "DISTRIBUTION", "matched": false}}, {"type": "Feature", "geometry": {"type": "LineString", "coordinates": [[-8.527545281879178, 33.22308905882162], [-8.527651457099328, 33.2230974891439], [-8.527658413773025, 33.22308248397644]]}, "properties": {"layer": "CABLE", "code": "CDI-JAD-MAR-02-0075", "object_type": "DISTRIBUTION", "matched": false}}, {"type": "Feature", "geometry": {"type": "LineString", "coordinates": [[-8.527658413773025, 33.22308248397644], [-8.527665398822244, 33.22306358050813]]}, "properties": {"layer": "CABLE", "code": "CDI-JAD-MAR-02-0076", "object_type": "DISTRIBUTION", "matched": false}}, {"type": "Feature", "geometry": {"type": "LineString", "coordinates": [[-8.527545281879178, 33.22308905882162], [-8.527427564025432, 33.223017679289576], [-8.527440530380437, 33.22300604114639]]}, "properties": {"layer": "CABLE", "code": "CDI-JAD-MAR-02-0077", "object_type": "DISTRIBUTION", "matched": false}}, {"type": "Feature", "geometry": {"type": "LineString", "coordinates": [[-8.527440530380437, 33.22300604114639], [-8.527455355583946, 33.22299220725471]]}, "properties": {"layer": "CABLE", "code": "CDI-JAD-MAR-02-0078", "object_type": "DISTRIBUTION", "matched": false}}, {"type": "Feature", "geometry": {"type": "LineString", "coordinates": [[-8.527297188900802, 33.22335622315665], [-8.527292705910307, 33.223245730636414], [-8.527302487969163, 33.22323541911883]]}, "properties": {"layer": "CABLE", "code": "CDI-JAD-MAR-02-0079", "object_type": "DISTRIBUTION", "matched": false}}, {"type": "Feature", "geometry": {"type": "LineString", "coordinates": [[-8.527302487969163, 33.22323541911883], [-8.527318621173132, 33.22321921135858]]}, "properties": {"layer": "CABLE", "code": "CDI-JAD-MAR-02-0080", "object_type": "DISTRIBUTION", "matched": false}}, {"type": "Feature", "geometry": {"type": "LineString", "coordinates": [[-8.527297188900802, 33.22335622315665], [-8.52742270787367, 33.22337807442523], [-8.527440054474315, 33.223363630652834]]}, "properties": {"layer": "CABLE", "code": "CDI-JAD-MAR-02-0081", "object_type": "DISTRIBUTION", "matched": false}}, {"type": "Feature", "geometry": {"type": "LineString", "coordinates": [[-8.527440054474315, 33.223363630652834], [-8.527449189189454, 33.22334642873758]]}, "properties": {"layer": "CABLE", "code": "CDI-JAD-MAR-02-0082", "object_type": "DISTRIBUTION", "matched": false}}, {"type": "Feature", "geometry": {"type": "LineString", "coordinates": [[-8.527297188900802, 33.22335622315665], [-8.527354413668679, 33.223431065729244], [-8.52735034455216, 33.223444897364594]]}, "properties": {"layer": "CABLE", "code": "CDI-JAD-MAR-02-0083", "object_type": "DISTRIBUTION", "matched": false}}, {"type": "Feature", "geometry": {"type": "LineString", "coordinates": [[-8.52735034455216, 33.223444897364594], [-8.527338914234676, 33.223456304775745]]}, "properties": {"layer": "CABLE", "code": "CDI-JAD-MAR-02-0084", "object_type": "DISTRIBUTION", "matched": false}}, {"type": "Feature", "geometry": {"type": "LineString", "coordinates": [[-8.527297188900802, 33.22335622315665], [-8.527163706512285, 33.22334380371361], [-8.527155084265328, 33.2233585203111]]}, "properties": {"layer": "CABLE", "code": "CDI-JAD-MAR-02-0085", "object_type": "DISTRIBUTION", "matched": false}}, {"type": "Feature", "geometry": {"type": "LineString", "coordinates": [[-8.527155084265328, 33.2233585203111], [-8.52714116315366, 33.22337818371874]]}, "properties": {"layer": "CABLE", "code": "CDI-JAD-MAR-02-0086", "object_type": "DISTRIBUTION", "matched": false}}, {"type": "Feature", "geometry": {"type": "LineString", "coordinates": [[-8.526969599183733, 33.22314389105681], [-8.527089206778882, 33.22316761155312], [-8.527107767481898, 33.223144639152615]]}, "properties": {"layer": "CABLE", "code": "CDI-JAD-MAR-02-0087", "object_type": "DISTRIBUTION", "matched": false}}, {"type": "Feature", "geometry": {"type": "LineString", "coordinates": [[-8.527107767481898, 33.223144639152615], [-8.527123587923231, 33.22311966079926]]}, "properties": {"layer": "CABLE", "code": "CDI-JAD-MAR-02-0088", "object_type": "DISTRIBUTION", "matched": false}}, {"type": "Feature", "geometry": {"type": "LineString", "coordinates": [[-8.526969599183733, 33.22314389105681], [-8.527000302466453, 33.22321285242127], [-8.526990251248858, 33.22322719134689]]}, "properties": {"layer": "CABLE", "code": "CDI-JAD-MAR-02-0089", "object_type": "DISTRIBUTION", "matched": false}}, {"type": "Feature", "geometry": {"type": "LineString", "coordinates": [[-8.526990251248858, 33.22322719134689], [-8.526970743852932, 33.22324641022959]]}, "properties": {"layer": "CABLE", "code": "CDI-JAD-MAR-02-0090", "object_type": "DISTRIBUTION", "matched": false}}, {"type": "Feature", "geometry": {"type": "LineString", "coordinates": [[-8.526969599183733, 33.22314389105681], [-8.526872972614338, 33.223155417318544], [-8.526860119941846, 33.223170775715424]]}, "properties": {"layer": "CABLE", "code": "CDI-JAD-MAR-02-0091", "object_type": "DISTRIBUTION", "matched": false}}, {"type": "Feature", "geometry": {"type": "LineString", "coordinates": [[-8.526860119941846, 33.223170775715424], [-8.526844090913459, 33.2231899069558]]}, "properties": {"layer": "CABLE", "code": "CDI-JAD-MAR-02-0092", "object_type": "DISTRIBUTION", "matched": false}}, {"type": "Feature", "geometry": {"type": "LineString", "coordinates": [[-8.528177576686677, 33.2232163395327], [-8.527971878626884, 33.22319956908735], [-8.527935983674215, 33.22311182020312], [-8.527908638415253, 33.22311030522072]]}, "properties": {"layer": "CABLE", "code": "CDI-JAD-MAR-02-0093", "object_type": "DISTRIBUTION", "matched": false}}, {"type": "Feature", "geometry": {"type": "LineString", "coordinates": [[-8.527908638415253, 33.22311030522072], [-8.527891279651335, 33.22310679231898]]}, "properties": {"layer": "CABLE", "code": "CDI-JAD-MAR-02-0094", "object_type": "DISTRIBUTION", "matched": false}}, {"type": "Feature", "geometry": {"type": "LineString", "coordinates": [[-8.528554129331209, 33.22329613042294], [-8.52827780849267, 33.22318783015047], [-8.5282804623523, 33.22316380267345]]}, "properties": {"layer": "CABLE", "code": "CDI-JAD-MAR-02-0095", "object_type": "DISTRIBUTION", "matched": false}}, {"type": "Feature", "geometry": {"type": "LineString", "coordinates": [[-8.5282804623523, 33.22316380267345], [-8.528281605211166, 33.22315192290025]]}, "properties": {"layer": "CABLE", "code": "CDI-JAD-MAR-02-0096", "object_type": "DISTRIBUTION", "matched": false}}, {"type": "Feature", "geometry": {"type": "LineString", "coordinates": [[-8.527297188900802, 33.22335622315665], [-8.527531368511628, 33.22350003402371], [-8.527612616186177, 33.22345212504374], [-8.527620511255646, 33.22344598250425]]}, "properties": {"layer": "CABLE", "code": "CDI-JAD-MAR-02-0097", "object_type": "DISTRIBUTION", "matched": false}}, {"type": "Feature", "geometry": {"type": "LineString", "coordinates": [[-8.527620511255646, 33.22344598250425], [-8.527627487402407, 33.22343658930895]]}, "properties": {"layer": "CABLE", "code": "CDI-JAD-MAR-02-0098", "object_type": "DISTRIBUTION", "matched": false}}, {"type": "Feature", "geometry": {"type": "LineString", "coordinates": [[-8.527297188900802, 33.22335622315665], [-8.527531368511628, 33.22350003402371], [-8.527500767226782, 33.223543702066664], [-8.527497112382735, 33.22355882286067]]}, "properties": {"layer": "CABLE", "code": "CDI-JAD-MAR-02-0099", "object_type": "DISTRIBUTION", "matched": false}}, {"type": "Feature", "geometry": {"type": "LineString", "coordinates": [[-8.527497112382735, 33.22355882286067], [-8.527477248635552, 33.223572930004565]]}, "properties": {"layer": "CABLE", "code": "CDI-JAD-MAR-02-0100", "object_type": "DISTRIBUTION", "matched": false}}, {"type": "Feature", "geometry": {"type": "LineString", "coordinates": [[-8.528113832218125, 33.22347440629505], [-8.528133529583812, 33.22345595658466]]}, "properties": {"layer": "CABLE", "code": "CDI-JAD-MAR-02-1017", "object_type": "DISTRIBUTION", "matched": false}}, {"type": "Feature", "geometry": {"type": "LineString", "coordinates": [[-8.528133529583812, 33.22345595658466], [-8.527545281879178, 33.22308905882162]]}, "properties": {"layer": "CABLE", "code": "CDI-JAD-MAR-02-1018", "object_type": "DISTRIBUTION", "matched": false}}, {"type": "Feature", "geometry": {"type": "LineString", "coordinates": [[-8.528113832218125, 33.22347440629505], [-8.528133529583812, 33.22345595658466], [-8.527545281879178, 33.22308905882162], [-8.527297188900802, 33.22335622315665]]}, "properties": {"layer": "CABLE", "code": "CDI-JAD-MAR-02-1019", "object_type": "DISTRIBUTION", "matched": false}}, {"type": "Feature", "geometry": {"type": "LineString", "coordinates": [[-8.528113832218125, 33.22347440629505], [-8.528133529583812, 33.22345595658466], [-8.527545281879178, 33.22308905882162], [-8.527297188900802, 33.22335622315665], [-8.526969599183733, 33.22314389105681]]}, "properties": {"layer": "CABLE", "code": "CDI-JAD-MAR-02-1020", "object_type": "DISTRIBUTION", "matched": false}}, {"type": "Feature", "geometry": {"type": "LineString", "coordinates": [[-8.528133529583812, 33.22345595658466], [-8.528177576686677, 33.2232163395327]]}, "properties": {"layer": "CABLE", "code": "CDI-JAD-MAR-02-1021", "object_type": "DISTRIBUTION", "matched": false}}, {"type": "Feature", "geometry": {"type": "LineString", "coordinates": [[-8.528113832218125, 33.22347440629505], [-8.528133529583812, 33.22345595658466], [-8.528405082335189, 33.22357874755445], [-8.528554129331209, 33.22329613042294]]}, "properties": {"layer": "CABLE", "code": "CDI-JAD-MAR-02-1022", "object_type": "DISTRIBUTION", "matched": false}}, {"type": "Feature", "geometry": {"type": "LineString", "coordinates": [[-8.528610091195892, 33.22327346232585], [-8.529133616295281, 33.223349053712504]]}, "properties": {"layer": "CABLE", "code": "CDI-JAD-MAR-02-1024", "object_type": "DISTRIBUTION", "matched": false}}, {"type": "Feature", "geometry": {"type": "LineString", "coordinates": [[-8.529077654430598, 33.22337172180959], [-8.528740091694296, 33.223668274686204]]}, "properties": {"layer": "CABLE", "code": "CTR-JAD-MAR-01-0001", "object_type": "TRANSPORT", "matched": false}}, {"type": "Feature", "geometry": {"type": "LineString", "coordinates": [[-8.52868005427605, 33.22397543830823], [-8.528694464203774, 33.223959344351876], [-8.528708013330958, 33.2239694279064]]}, "properties": {"layer": "CABLE", "code": "CTR-JAD-MAR-01-1003", "object_type": "TRANSPORT", "matched": false}}, {"type": "Feature", "geometry": {"type": "LineString", "coordinates": [[-8.530788898133833, 33.22575781206354], [-8.530419955291645, 33.225565796557156], [-8.529889571925468, 33.22616674505154], [-8.52980169461486, 33.22625060079326], [-8.529328612983164, 33.2260184857002], [-8.528282615109973, 33.22533203683187], [-8.528742403907374, 33.224899080852566], [-8.528634253071166, 33.22482455601238], [-8.528848910741667, 33.224612583387085], [-8.5283294323159, 33.22431741840218], [-8.52868005427605, 33.22397543830823]]}, "properties": {"layer": "CABLE", "code": "CTR-JAD-MAR-01-1033", "object_type": "TRANSPORT", "matched": false}}, {"type": "Feature", "geometry": {"type": "LineString", "coordinates": [[-8.531750064606712, 33.22379076881893], [-8.53180770328185, 33.22373017826089], [-8.532976014448723, 33.22421730709169], [-8.533022042382028, 33.224258282193816], [-8.532518991985254, 33.22467830081467], [-8.53212318246715, 33.22502070144408], [-8.531604220290856, 33.225463356458945], [-8.531136907944814, 33.22540257606415], [-8.530788898133833, 33.22575781206354]]}, "properties": {"layer": "CABLE", "code": "CTR-JAD-MAR-01-1002", "object_type": "TRANSPORT", "matched": false}}, {"type": "Feature", "geometry": {"type": "LineString", "coordinates": [[-8.52868005427605, 33.22397543830823], [-8.528551643181679, 33.22384136769919], [-8.528278480011066, 33.223672575783716], [-8.528405082335189, 33.22357874755445], [-8.528133529583812, 33.22345595658466], [-8.528113832218125, 33.22347440629505]]}, "properties": {"layer": "CABLE", "code": "CDI-JAD-MAR-02-1023", "object_type": "DISTRIBUTION", "matched": false}}, {"type": "Feature", "geometry": {"type": "LineString", "coordinates": [[-8.528848910741667, 33.224612583387085], [-8.528634253071166, 33.22482455601238]]}, "properties": {"layer": "INFRASTRUCTURE", "code": "UNF-INF-0003", "object_type": "SOUTERRAIN", "matched": false}}, {"type": "Feature", "geometry": {"type": "LineString", "coordinates": [[-8.528848910741667, 33.224612583387085], [-8.5283294323159, 33.22431741840218]]}, "properties": {"layer": "INFRASTRUCTURE", "code": "UNF-INF-0019", "object_type": "SOUTERRAIN", "matched": false}}, {"type": "Feature", "geometry": {"type": "LineString", "coordinates": [[-8.5283294323159, 33.22431741840218], [-8.52868005427605, 33.22397543830823]]}, "properties": {"layer": "INFRASTRUCTURE", "code": "UNF-INF-0020", "object_type": "SOUTERRAIN", "matched": false}}, {"type": "Feature", "geometry": {"type": "LineString", "coordinates": [[-8.52868005427605, 33.22397543830823], [-8.528551643181679, 33.22384136769919]]}, "properties": {"layer": "INFRASTRUCTURE", "code": "UNF-INF-0028", "object_type": "SOUTERRAIN", "matched": false}}, {"type": "Feature", "geometry": {"type": "LineString", "coordinates": [[-8.52868005427605, 33.22397543830823], [-8.528774396209426, 33.224065026059286]]}, "properties": {"layer": "INFRASTRUCTURE", "code": "UNF-INF-0021", "object_type": "SOUTERRAIN", "matched": false}}, {"type": "Feature", "geometry": {"type": "LineString", "coordinates": [[-8.528774396209426, 33.224065026059286], [-8.528816410327627, 33.22402738378942]]}, "properties": {"layer": "INFRASTRUCTURE", "code": "UNF-INF-0022", "object_type": "SOUTERRAIN", "matched": false}}, {"type": "Feature", "geometry": {"type": "LineString", "coordinates": [[-8.528816410327627, 33.22402738378942], [-8.528979758358531, 33.22416048608773]]}, "properties": {"layer": "INFRASTRUCTURE", "code": "UNF-INF-0023", "object_type": "SOUTERRAIN", "matched": false}}, {"type": "Feature", "geometry": {"type": "LineString", "coordinates": [[-8.528979758358531, 33.22416048608773], [-8.52898906700435, 33.224242176617956], [-8.529005485490675, 33.22425543216263]]}, "properties": {"layer": "INFRASTRUCTURE", "code": "UNF-INF-0091", "object_type": "SOUTERRAIN", "matched": false}}, {"type": "Feature", "geometry": {"type": "LineString", "coordinates": [[-8.528979758358531, 33.22416048608773], [-8.529090436756192, 33.224105104717914], [-8.529112434120918, 33.22413042241091]]}, "properties": {"layer": "INFRASTRUCTURE", "code": "UNF-INF-0090", "object_type": "SOUTERRAIN", "matched": false}}, {"type": "Feature", "geometry": {"type": "LineString", "coordinates": [[-8.528979758358531, 33.22416048608773], [-8.52888642796425, 33.22415986403463], [-8.528865250574961, 33.22415011365008]]}, "properties": {"layer": "INFRASTRUCTURE", "code": "UNF-INF-0089", "object_type": "SOUTERRAIN", "matched": false}}, {"type": "Feature", "geometry": {"type": "LineString", "coordinates": [[-8.528979758358531, 33.22416048608773], [-8.529000773240133, 33.22405554298645], [-8.528993337433814, 33.22404183556489]]}, "properties": {"layer": "INFRASTRUCTURE", "code": "UNF-INF-0088", "object_type": "SOUTERRAIN", "matched": false}}, {"type": "Feature", "geometry": {"type": "LineString", "coordinates": [[-8.528979758358531, 33.22416048608773], [-8.5292132677753, 33.22395144089985]]}, "properties": {"layer": "INFRASTRUCTURE", "code": "UNF-INF-0025", "object_type": "SOUTERRAIN", "matched": false}}, {"type": "Feature", "geometry": {"type": "LineString", "coordinates": [[-8.528979758358531, 33.22416048608773], [-8.52879219642637, 33.22431202804306]]}, "properties": {"layer": "INFRASTRUCTURE", "code": "UNF-INF-0024", "object_type": "SOUTERRAIN", "matched": false}}, {"type": "Feature", "geometry": {"type": "LineString", "coordinates": [[-8.52879219642637, 33.22431202804306], [-8.528779034364705, 33.22436710236621], [-8.528785647691613, 33.224378020220115]]}, "properties": {"layer": "INFRASTRUCTURE", "code": "UNF-INF-0093", "object_type": "SOUTERRAIN", "matched": false}}, {"type": "Feature", "geometry": {"type": "LineString", "coordinates": [[-8.52879219642637, 33.22431202804306], [-8.528711783967264, 33.2242838976396], [-8.528690611500847, 33.22427097700283]]}, "properties": {"layer": "INFRASTRUCTURE", "code": "UNF-INF-0092", "object_type": "SOUTERRAIN", "matched": false}}, {"type": "Feature", "geometry": {"type": "LineString", "coordinates": [[-8.5292132677753, 33.22395144089985], [-8.529260420149244, 33.22401591979158], [-8.529270389732046, 33.2240298769669]]}, "properties": {"layer": "INFRASTRUCTURE", "code": "UNF-INF-0087", "object_type": "SOUTERRAIN", "matched": false}}, {"type": "Feature", "geometry": {"type": "LineString", "coordinates": [[-8.5292132677753, 33.22395144089985], [-8.529378153086558, 33.223877883824954], [-8.529387967801762, 33.22389055338643]]}, "properties": {"layer": "INFRASTRUCTURE", "code": "UNF-INF-0086", "object_type": "SOUTERRAIN", "matched": false}}, {"type": "Feature", "geometry": {"type": "LineString", "coordinates": [[-8.5292132677753, 33.22395144089985], [-8.529306780211192, 33.223826207300974], [-8.529291004216375, 33.223807553781384]]}, "properties": {"layer": "INFRASTRUCTURE", "code": "UNF-INF-0085", "object_type": "SOUTERRAIN", "matched": false}}, {"type": "Feature", "geometry": {"type": "LineString", "coordinates": [[-8.5292132677753, 33.22395144089985], [-8.52914454176964, 33.223898445801545]]}, "properties": {"layer": "INFRASTRUCTURE", "code": "UNF-INF-0084", "object_type": "SOUTERRAIN", "matched": false}}, {"type": "Feature", "geometry": {"type": "LineString", "coordinates": [[-8.5292132677753, 33.22395144089985], [-8.529515312739832, 33.223730796909955]]}, "properties": {"layer": "INFRASTRUCTURE", "code": "UNF-INF-0026", "object_type": "SOUTERRAIN", "matched": false}}, {"type": "Feature", "geometry": {"type": "LineString", "coordinates": [[-8.529515312739832, 33.223730796909955], [-8.529566647012585, 33.22378538844853]]}, "properties": {"layer": "INFRASTRUCTURE", "code": "UNF-INF-0082", "object_type": "SOUTERRAIN", "matched": false}}, {"type": "Feature", "geometry": {"type": "LineString", "coordinates": [[-8.529515312739832, 33.223730796909955], [-8.529598931774686, 33.22357627083521], [-8.529580352649633, 33.22354509713372]]}, "properties": {"layer": "INFRASTRUCTURE", "code": "UNF-INF-0083", "object_type": "SOUTERRAIN", "matched": false}}, {"type": "Feature", "geometry": {"type": "LineString", "coordinates": [[-8.529515312739832, 33.223730796909955], [-8.529445116831594, 33.22365898436088], [-8.529432937802035, 33.223648303432796]]}, "properties": {"layer": "INFRASTRUCTURE", "code": "UNF-INF-0081", "object_type": "SOUTERRAIN", "matched": false}}, {"type": "Feature", "geometry": {"type": "LineString", "coordinates": [[-8.529515312739832, 33.223730796909955], [-8.529799062615139, 33.22346711083002]]}, "properties": {"layer": "INFRASTRUCTURE", "code": "UNF-INF-0027", "object_type": "SOUTERRAIN", "matched": false}}, {"type": "Feature", "geometry": {"type": "LineString", "coordinates": [[-8.529799062615139, 33.22346711083002], [-8.529706558031863, 33.22359616045943], [-8.529713065479609, 33.223610369692814]]}, "properties": {"layer": "INFRASTRUCTURE", "code": "UNF-INF-0080", "object_type": "SOUTERRAIN", "matched": false}}, {"type": "Feature", "geometry": {"type": "LineString", "coordinates": [[-8.529799062615139, 33.22346711083002], [-8.529886074979936, 33.22349846479057], [-8.529908978940778, 33.223500104617465]]}, "properties": {"layer": "INFRASTRUCTURE", "code": "UNF-INF-0079", "object_type": "SOUTERRAIN", "matched": false}}, {"type": "Feature", "geometry": {"type": "LineString", "coordinates": [[-8.529799062615139, 33.22346711083002], [-8.52984700637632, 33.223427179475166]]}, "properties": {"layer": "INFRASTRUCTURE", "code": "UNF-INF-0078", "object_type": "SOUTERRAIN", "matched": false}}, {"type": "Feature", "geometry": {"type": "LineString", "coordinates": [[-8.529799062615139, 33.22346711083002], [-8.529735760174393, 33.223403572591174], [-8.529726730211125, 33.22339279075881]]}, "properties": {"layer": "INFRASTRUCTURE", "code": "UNF-INF-0077", "object_type": "SOUTERRAIN", "matched": false}}, {"type": "Feature", "geometry": {"type": "LineString", "coordinates": [[-8.528551643181679, 33.22384136769919], [-8.528278480011066, 33.223672575783716]]}, "properties": {"layer": "INFRASTRUCTURE", "code": "UNF-INF-0032", "object_type": "SOUTERRAIN", "matched": false}}, {"type": "Feature", "geometry": {"type": "LineString", "coordinates": [[-8.528551643181679, 33.22384136769919], [-8.528313577812812, 33.22398729786806]]}, "properties": {"layer": "INFRASTRUCTURE", "code": "UNF-INF-0029", "object_type": "SOUTERRAIN", "matched": false}}, {"type": "Feature", "geometry": {"type": "LineString", "coordinates": [[-8.528313577812812, 33.22398729786806], [-8.528218230294398, 33.22398154598207], [-8.528207214970644, 33.22399332328706]]}, "properties": {"layer": "INFRASTRUCTURE", "code": "UNF-INF-0076", "object_type": "SOUTERRAIN", "matched": false}}, {"type": "Feature", "geometry": {"type": "LineString", "coordinates": [[-8.528313577812812, 33.22398729786806], [-8.52836091021795, 33.224046311056384], [-8.528350677435613, 33.22406227671055]]}, "properties": {"layer": "INFRASTRUCTURE", "code": "UNF-INF-0075", "object_type": "SOUTERRAIN", "matched": false}}, {"type": "Feature", "geometry": {"type": "LineString", "coordinates": [[-8.528313577812812, 33.22398729786806], [-8.528445391333353, 33.22398739826629], [-8.528464367252651, 33.22397981967245]]}, "properties": {"layer": "INFRASTRUCTURE", "code": "UNF-INF-0074", "object_type": "SOUTERRAIN", "matched": false}}, {"type": "Feature", "geometry": {"type": "LineString", "coordinates": [[-8.528313577812812, 33.22398729786806], [-8.528290700114876, 33.22386174198796], [-8.528302282544532, 33.2238475452658]]}, "properties": {"layer": "INFRASTRUCTURE", "code": "UNF-INF-0073", "object_type": "SOUTERRAIN", "matched": false}}, {"type": "Feature", "geometry": {"type": "LineString", "coordinates": [[-8.528313577812812, 33.22398729786806], [-8.527976330875324, 33.22377231676577]]}, "properties": {"layer": "INFRASTRUCTURE", "code": "UNF-INF-0030", "object_type": "SOUTERRAIN", "matched": false}}, {"type": "Feature", "geometry": {"type": "LineString", "coordinates": [[-8.527976330875324, 33.22377231676577], [-8.527870474509148, 33.22377613038386], [-8.527861448055871, 33.22378696332344]]}, "properties": {"layer": "INFRASTRUCTURE", "code": "UNF-INF-0069", "object_type": "SOUTERRAIN", "matched": false}}, {"type": "Feature", "geometry": {"type": "LineString", "coordinates": [[-8.527976330875324, 33.22377231676577], [-8.52801428075232, 33.22385409859801], [-8.527999813765657, 33.2238692133182]]}, "properties": {"layer": "INFRASTRUCTURE", "code": "UNF-INF-0070", "object_type": "SOUTERRAIN", "matched": false}}, {"type": "Feature", "geometry": {"type": "LineString", "coordinates": [[-8.527976330875324, 33.22377231676577], [-8.52808875496148, 33.22379047654472], [-8.528102859856403, 33.22378117249491]]}, "properties": {"layer": "INFRASTRUCTURE", "code": "UNF-INF-0068", "object_type": "SOUTERRAIN", "matched": false}}, {"type": "Feature", "geometry": {"type": "LineString", "coordinates": [[-8.527976330875324, 33.22377231676577], [-8.527968915500978, 33.22366724938659], [-8.527983212547472, 33.22364782824172]]}, "properties": {"layer": "INFRASTRUCTURE", "code": "UNF-INF-0067", "object_type": "SOUTERRAIN", "matched": false}}, {"type": "Feature", "geometry": {"type": "LineString", "coordinates": [[-8.527976330875324, 33.22377231676577], [-8.527827671101777, 33.2236637365023]]}, "properties": {"layer": "INFRASTRUCTURE", "code": "UNF-INF-0031", "object_type": "SOUTERRAIN", "matched": false}}, {"type": "Feature", "geometry": {"type": "LineString", "coordinates": [[-8.527827671101777, 33.2236637365023], [-8.52770667284122, 33.223615695595456], [-8.527698057393495, 33.22362780033469]]}, "properties": {"layer": "INFRASTRUCTURE", "code": "UNF-INF-0072", "object_type": "SOUTERRAIN", "matched": false}}, {"type": "Feature", "geometry": {"type": "LineString", "coordinates": [[-8.527827671101777, 33.2236637365023], [-8.527791068412828, 33.22357277302566], [-8.527771425437594, 33.223556894116925]]}, "properties": {"layer": "INFRASTRUCTURE", "code": "UNF-INF-0071", "object_type": "SOUTERRAIN", "matched": false}}, {"type": "Feature", "geometry": {"type": "LineString", "coordinates": [[-8.528278480011066, 33.223672575783716], [-8.528405082335189, 33.22357874755445]]}, "properties": {"layer": "INFRASTRUCTURE", "code": "UNF-INF-0033", "object_type": "SOUTERRAIN", "matched": false}}, {"type": "Feature", "geometry": {"type": "LineString", "coordinates": [[-8.528405082335189, 33.22357874755445], [-8.528554129331209, 33.22329613042294]]}, "properties": {"layer": "INFRASTRUCTURE", "code": "UNF-INF-0040", "object_type": "SOUTERRAIN", "matched": false}}, {"type": "Feature", "geometry": {"type": "LineString", "coordinates": [[-8.528405082335189, 33.22357874755445], [-8.528133529583812, 33.22345595658466]]}, "properties": {"layer": "INFRASTRUCTURE", "code": "UNF-INF-0034", "object_type": "SOUTERRAIN", "matched": false}}, {"type": "Feature", "geometry": {"type": "LineString", "coordinates": [[-8.528133529583812, 33.22345595658466], [-8.528177576686677, 33.2232163395327]]}, "properties": {"layer": "INFRASTRUCTURE", "code": "UNF-INF-0038", "object_type": "SOUTERRAIN", "matched": false}}, {"type": "Feature", "geometry": {"type": "LineString", "coordinates": [[-8.528133529583812, 33.22345595658466], [-8.527545281879178, 33.22308905882162]]}, "properties": {"layer": "INFRASTRUCTURE", "code": "UNF-INF-0035", "object_type": "SOUTERRAIN", "matched": false}}, {"type": "Feature", "geometry": {"type": "LineString", "coordinates": [[-8.527545281879178, 33.22308905882162], [-8.527427564025432, 33.223017679289576], [-8.527440530380437, 33.22300604114639]]}, "properties": {"layer": "INFRASTRUCTURE", "code": "UNF-INF-0066", "object_type": "SOUTERRAIN", "matched": false}}, {"type": "Feature", "geometry": {"type": "LineString", "coordinates": [[-8.527545281879178, 33.22308905882162], [-8.527651457099328, 33.2230974891439], [-8.527658413773025, 33.22308248397644]]}, "properties": {"layer": "INFRASTRUCTURE", "code": "UNF-INF-0065", "object_type": "SOUTERRAIN", "matched": false}}, {"type": "Feature", "geometry": {"type": "LineString", "coordinates": [[-8.527545281879178, 33.22308905882162], [-8.527297188900802, 33.22335622315665]]}, "properties": {"layer": "INFRASTRUCTURE", "code": "UNF-INF-0036", "object_type": "SOUTERRAIN", "matched": false}}, {"type": "Feature", "geometry": {"type": "LineString", "coordinates": [[-8.527297188900802, 33.22335622315665], [-8.527531368511628, 33.22350003402371], [-8.527500767226782, 33.223543702066664], [-8.527497112382735, 33.22355882286067]]}, "properties": {"layer": "INFRASTRUCTURE", "code": "UNF-INF-0063", "object_type": "SOUTERRAIN", "matched": false}}, {"type": "Feature", "geometry": {"type": "LineString", "coordinates": [[-8.527297188900802, 33.22335622315665], [-8.527531368511628, 33.22350003402371], [-8.527612616186177, 33.22345212504374], [-8.527620511255646, 33.22344598250425]]}, "properties": {"layer": "INFRASTRUCTURE", "code": "UNF-INF-0064", "object_type": "SOUTERRAIN", "matched": false}}, {"type": "Feature", "geometry": {"type": "LineString", "coordinates": [[-8.527297188900802, 33.22335622315665], [-8.527163706512285, 33.22334380371361], [-8.527155084265328, 33.2233585203111]]}, "properties": {"layer": "INFRASTRUCTURE", "code": "UNF-INF-0062", "object_type": "SOUTERRAIN", "matched": false}}, {"type": "Feature", "geometry": {"type": "LineString", "coordinates": [[-8.527297188900802, 33.22335622315665], [-8.527354413668679, 33.223431065729244], [-8.52735034455216, 33.223444897364594]]}, "properties": {"layer": "INFRASTRUCTURE", "code": "UNF-INF-0061", "object_type": "SOUTERRAIN", "matched": false}}, {"type": "Feature", "geometry": {"type": "LineString", "coordinates": [[-8.527297188900802, 33.22335622315665], [-8.52742270787367, 33.22337807442523], [-8.527440054474315, 33.223363630652834]]}, "properties": {"layer": "INFRASTRUCTURE", "code": "UNF-INF-0060", "object_type": "SOUTERRAIN", "matched": false}}, {"type": "Feature", "geometry": {"type": "LineString", "coordinates": [[-8.527297188900802, 33.22335622315665], [-8.527292705910307, 33.223245730636414], [-8.527302487969163, 33.22323541911883]]}, "properties": {"layer": "INFRASTRUCTURE", "code": "UNF-INF-0059", "object_type": "SOUTERRAIN", "matched": false}}, {"type": "Feature", "geometry": {"type": "LineString", "coordinates": [[-8.527297188900802, 33.22335622315665], [-8.526969599183733, 33.22314389105681]]}, "properties": {"layer": "INFRASTRUCTURE", "code": "UNF-INF-0037", "object_type": "SOUTERRAIN", "matched": false}}, {"type": "Feature", "geometry": {"type": "LineString", "coordinates": [[-8.526969599183733, 33.22314389105681], [-8.526872972614338, 33.223155417318544], [-8.526860119941846, 33.223170775715424]]}, "properties": {"layer": "INFRASTRUCTURE", "code": "UNF-INF-0058", "object_type": "SOUTERRAIN", "matched": false}}, {"type": "Feature", "geometry": {"type": "LineString", "coordinates": [[-8.526969599183733, 33.22314389105681], [-8.527000302466453, 33.22321285242127], [-8.526990251248858, 33.22322719134689]]}, "properties": {"layer": "INFRASTRUCTURE", "code": "UNF-INF-0057", "object_type": "SOUTERRAIN", "matched": false}}, {"type": "Feature", "geometry": {"type": "LineString", "coordinates": [[-8.526969599183733, 33.22314389105681], [-8.527089206778882, 33.22316761155312], [-8.527107767481898, 33.223144639152615]]}, "properties": {"layer": "INFRASTRUCTURE", "code": "UNF-INF-0056", "object_type": "SOUTERRAIN", "matched": false}}, {"type": "Feature", "geometry": {"type": "LineString", "coordinates": [[-8.528554129331209, 33.22329613042294], [-8.52827780849267, 33.22318783015047], [-8.5282804623523, 33.22316380267345]]}, "properties": {"layer": "INFRASTRUCTURE", "code": "UNF-INF-0046", "object_type": "SOUTERRAIN", "matched": false}}, {"type": "Feature", "geometry": {"type": "LineString", "coordinates": [[-8.528554129331209, 33.22329613042294], [-8.528730821209322, 33.2232916336699], [-8.528721959739848, 33.223266365244065]]}, "properties": {"layer": "INFRASTRUCTURE", "code": "UNF-INF-0048", "object_type": "SOUTERRAIN", "matched": false}}, {"type": "Feature", "geometry": {"type": "LineString", "coordinates": [[-8.528554129331209, 33.22329613042294], [-8.528552138041203, 33.2232288790715], [-8.528561134047184, 33.22320838409838]]}, "properties": {"layer": "INFRASTRUCTURE", "code": "UNF-INF-0047", "object_type": "SOUTERRAIN", "matched": false}}, {"type": "Feature", "geometry": {"type": "LineString", "coordinates": [[-8.528554129331209, 33.22329613042294], [-8.52868362263586, 33.22338433871355], [-8.52870000949012, 33.223392743702476]]}, "properties": {"layer": "INFRASTRUCTURE", "code": "UNF-INF-0049", "object_type": "SOUTERRAIN", "matched": false}}, {"type": "Feature", "geometry": {"type": "LineString", "coordinates": [[-8.528554129331209, 33.22329613042294], [-8.529077654430598, 33.22337172180959]]}, "properties": {"layer": "INFRASTRUCTURE", "code": "UNF-INF-0041", "object_type": "SOUTERRAIN", "matched": false}}, {"type": "Feature", "geometry": {"type": "LineString", "coordinates": [[-8.529077654430598, 33.22337172180959], [-8.528908820540614, 33.223592565779924], [-8.528929911306605, 33.22361080053726]]}, "properties": {"layer": "INFRASTRUCTURE", "code": "UNF-INF-0053", "object_type": "SOUTERRAIN", "matched": false}}, {"type": "Feature", "geometry": {"type": "LineString", "coordinates": [[-8.529077654430598, 33.22337172180959], [-8.529071293345845, 33.223458364006916], [-8.529080186244242, 33.2234706530394]]}, "properties": {"layer": "INFRASTRUCTURE", "code": "UNF-INF-0052", "object_type": "SOUTERRAIN", "matched": false}}, {"type": "Feature", "geometry": {"type": "LineString", "coordinates": [[-8.529077654430598, 33.22337172180959], [-8.529222211753085, 33.22336800579652], [-8.529240766917535, 33.22336565216964]]}, "properties": {"layer": "INFRASTRUCTURE", "code": "UNF-INF-0051", "object_type": "SOUTERRAIN", "matched": false}}, {"type": "Feature", "geometry": {"type": "LineString", "coordinates": [[-8.529077654430598, 33.22337172180959], [-8.52900448975797, 33.22329576133023], [-8.529005030492417, 33.22327678696727]]}, "properties": {"layer": "INFRASTRUCTURE", "code": "UNF-INF-0050", "object_type": "SOUTERRAIN", "matched": false}}, {"type": "Feature", "geometry": {"type": "LineString", "coordinates": [[-8.529077654430598, 33.22337172180959], [-8.528740091694296, 33.223668274686204]]}, "properties": {"layer": "INFRASTRUCTURE", "code": "UNF-INF-0042", "object_type": "SOUTERRAIN", "matched": false}}, {"type": "Feature", "geometry": {"type": "LineString", "coordinates": [[-8.528740091694296, 33.223668274686204], [-8.5287184638259, 33.22362548012232], [-8.528710511426457, 33.22360901536928]]}, "properties": {"layer": "INFRASTRUCTURE", "code": "UNF-INF-0054", "object_type": "SOUTERRAIN", "matched": false}}, {"type": "Feature", "geometry": {"type": "LineString", "coordinates": [[-8.528740091694296, 33.223668274686204], [-8.528746150705237, 33.22372125931691], [-8.528755471595334, 33.22373721871175]]}, "properties": {"layer": "INFRASTRUCTURE", "code": "UNF-INF-0055", "object_type": "SOUTERRAIN", "matched": false}}, {"type": "Feature", "geometry": {"type": "LineString", "coordinates": [[-8.527971878626884, 33.22319956908735], [-8.527935983674215, 33.22311182020312], [-8.527908638415253, 33.22311030522072]]}, "properties": {"layer": "INFRASTRUCTURE", "code": "UNF-INF-0044", "object_type": "SOUTERRAIN", "matched": false}}, {"type": "Feature", "geometry": {"type": "LineString", "coordinates": [[-8.527971878626884, 33.22319956908735], [-8.527931880417484, 33.22323360612343]]}, "properties": {"layer": "INFRASTRUCTURE", "code": "UNF-INF-0043", "object_type": "SOUTERRAIN", "matched": false}}, {"type": "Feature", "geometry": {"type": "LineString", "coordinates": [[-8.528634253071166, 33.22482455601238], [-8.528742403907374, 33.224899080852566]]}, "properties": {"layer": "INFRASTRUCTURE", "code": "UNF-INF-0004", "object_type": "SOUTERRAIN", "matched": false}}, {"type": "Feature", "geometry": {"type": "LineString", "coordinates": [[-8.528742403907374, 33.224899080852566], [-8.528282615109973, 33.22533203683187]]}, "properties": {"layer": "INFRASTRUCTURE", "code": "UNF-INF-0005", "object_type": "SOUTERRAIN", "matched": false}}, {"type": "Feature", "geometry": {"type": "LineString", "coordinates": [[-8.528282615109973, 33.22533203683187], [-8.529328612983164, 33.2260184857002]]}, "properties": {"layer": "INFRASTRUCTURE", "code": "UNF-INF-0007", "object_type": "SOUTERRAIN", "matched": false}}, {"type": "Feature", "geometry": {"type": "LineString", "coordinates": [[-8.529328612983164, 33.2260184857002], [-8.52980169461486, 33.22625060079326]]}, "properties": {"layer": "INFRASTRUCTURE", "code": "UNF-INF-0008", "object_type": "SOUTERRAIN", "matched": false}}, {"type": "Feature", "geometry": {"type": "LineString", "coordinates": [[-8.528282615109973, 33.22533203683187], [-8.529328612983164, 33.2260184857002]]}, "properties": {"layer": "INFRASTRUCTURE", "code": "UNF-INF-0001", "object_type": "SOUTERRAIN", "matched": false}}, {"type": "Feature", "geometry": {"type": "LineString", "coordinates": [[-8.52980169461486, 33.22625060079326], [-8.529889571925468, 33.22616674505154]]}, "properties": {"layer": "INFRASTRUCTURE", "code": "UNF-INF-0009", "object_type": "SOUTERRAIN", "matched": false}}, {"type": "Feature", "geometry": {"type": "LineString", "coordinates": [[-8.529889571925468, 33.22616674505154], [-8.530419955291645, 33.225565796557156]]}, "properties": {"layer": "INFRASTRUCTURE", "code": "UNF-INF-0010", "object_type": "SOUTERRAIN", "matched": false}}, {"type": "Feature", "geometry": {"type": "LineString", "coordinates": [[-8.530419955291645, 33.225565796557156], [-8.530788898133833, 33.22575781206354]]}, "properties": {"layer": "INFRASTRUCTURE", "code": "UNF-INF-0011", "object_type": "SOUTERRAIN", "matched": false}}, {"type": "Feature", "geometry": {"type": "LineString", "coordinates": [[-8.530788898133833, 33.22575781206354], [-8.531136907944814, 33.22540257606415]]}, "properties": {"layer": "INFRASTRUCTURE", "code": "UNF-INF-0012", "object_type": "SOUTERRAIN", "matched": false}}, {"type": "Feature", "geometry": {"type": "LineString", "coordinates": [[-8.531136907944814, 33.22540257606415], [-8.531604220290856, 33.225463356458945]]}, "properties": {"layer": "INFRASTRUCTURE", "code": "UNF-INF-0013", "object_type": "SOUTERRAIN", "matched": false}}, {"type": "Feature", "geometry": {"type": "LineString", "coordinates": [[-8.531604220290856, 33.225463356458945], [-8.53212318246715, 33.22502070144408]]}, "properties": {"layer": "INFRASTRUCTURE", "code": "UNF-INF-0014", "object_type": "SOUTERRAIN", "matched": false}}, {"type": "Feature", "geometry": {"type": "LineString", "coordinates": [[-8.53212318246715, 33.22502070144408], [-8.532518991985254, 33.22467830081467]]}, "properties": {"layer": "INFRASTRUCTURE", "code": "UNF-INF-0015", "object_type": "SOUTERRAIN", "matched": false}}, {"type": "Feature", "geometry": {"type": "LineString", "coordinates": [[-8.532518991985254, 33.22467830081467], [-8.533022042382028, 33.224258282193816]]}, "properties": {"layer": "INFRASTRUCTURE", "code": "UNF-INF-0016", "object_type": "SOUTERRAIN", "matched": false}}, {"type": "Feature", "geometry": {"type": "LineString", "coordinates": [[-8.533022042382028, 33.224258282193816], [-8.532976014448723, 33.22421730709169]]}, "properties": {"layer": "INFRASTRUCTURE", "code": "UNF-INF-0017", "object_type": "SOUTERRAIN", "matched": false}}, {"type": "Feature", "geometry": {"type": "LineString", "coordinates": [[-8.528177576686677, 33.2232163395327], [-8.528095909033238, 33.223163608959396], [-8.528099296727408, 33.22314452841471]]}, "properties": {"layer": "INFRASTRUCTURE", "code": "UNF-INF-0045", "object_type": "SOUTERRAIN", "matched": false}}, {"type": "Feature", "geometry": {"type": "LineString", "coordinates": [[-8.528177576686677, 33.2232163395327], [-8.527971878626884, 33.22319956908735]]}, "properties": {"layer": "INFRASTRUCTURE", "code": "UNF-INF-0039", "object_type": "SOUTERRAIN", "matched": false}}, {"type": "Feature", "geometry": {"type": "LineString", "coordinates": [[-8.528993337433814, 33.22404183556489], [-8.528976265476537, 33.22403173170363]]}, "properties": {"layer": "INFRASTRUCTURE", "code": "UNF-INF-0145", "object_type": "COLONNE MONTANTE", "matched": false}}, {"type": "Feature", "geometry": {"type": "LineString", "coordinates": [[-8.528976265476537, 33.22403173170363], [-8.528951363910085, 33.224017156660786]]}, "properties": {"layer": "INFRASTRUCTURE", "code": "UNF-INF-0094", "object_type": "COLONNE MONTANTE", "matched": false}}, {"type": "Feature", "geometry": {"type": "LineString", "coordinates": [[-8.528865250574961, 33.22415011365008], [-8.528840025357708, 33.2241261696829]]}, "properties": {"layer": "INFRASTRUCTURE", "code": "UNF-INF-0146", "object_type": "COLONNE MONTANTE", "matched": false}}, {"type": "Feature", "geometry": {"type": "LineString", "coordinates": [[-8.528840025357708, 33.2241261696829], [-8.528793862693586, 33.22414431025225]]}, "properties": {"layer": "INFRASTRUCTURE", "code": "UNF-INF-0095", "object_type": "COLONNE MONTANTE", "matched": false}}, {"type": "Feature", "geometry": {"type": "LineString", "coordinates": [[-8.529112434120918, 33.22413042241091], [-8.529131718358968, 33.2241439818864]]}, "properties": {"layer": "INFRASTRUCTURE", "code": "UNF-INF-0147", "object_type": "COLONNE MONTANTE", "matched": false}}, {"type": "Feature", "geometry": {"type": "LineString", "coordinates": [[-8.529131718358968, 33.2241439818864], [-8.529157973109482, 33.22414477916167]]}, "properties": {"layer": "INFRASTRUCTURE", "code": "UNF-INF-0096", "object_type": "COLONNE MONTANTE", "matched": false}}, {"type": "Feature", "geometry": {"type": "LineString", "coordinates": [[-8.529005485490675, 33.22425543216263], [-8.529031093498423, 33.224270587947146]]}, "properties": {"layer": "INFRASTRUCTURE", "code": "UNF-INF-0148", "object_type": "COLONNE MONTANTE", "matched": false}}, {"type": "Feature", "geometry": {"type": "LineString", "coordinates": [[-8.529031093498423, 33.224270587947146], [-8.529010834062325, 33.22428204946661]]}, "properties": {"layer": "INFRASTRUCTURE", "code": "UNF-INF-0097", "object_type": "COLONNE MONTANTE", "matched": false}}, {"type": "Feature", "geometry": {"type": "LineString", "coordinates": [[-8.528690611500847, 33.22427097700283], [-8.528679042424178, 33.2242589787003]]}, "properties": {"layer": "INFRASTRUCTURE", "code": "UNF-INF-0149", "object_type": "COLONNE MONTANTE", "matched": false}}, {"type": "Feature", "geometry": {"type": "LineString", "coordinates": [[-8.528679042424178, 33.2242589787003], [-8.528679374732102, 33.224301497700594]]}, "properties": {"layer": "INFRASTRUCTURE", "code": "UNF-INF-0098", "object_type": "COLONNE MONTANTE", "matched": false}}, {"type": "Feature", "geometry": {"type": "LineString", "coordinates": [[-8.528785647691613, 33.224378020220115], [-8.528799978678277, 33.22438936366356]]}, "properties": {"layer": "INFRASTRUCTURE", "code": "UNF-INF-0150", "object_type": "COLONNE MONTANTE", "matched": false}}, {"type": "Feature", "geometry": {"type": "LineString", "coordinates": [[-8.528799978678277, 33.22438936366356], [-8.528817980488046, 33.22438027620091]]}, "properties": {"layer": "INFRASTRUCTURE", "code": "UNF-INF-0099", "object_type": "COLONNE MONTANTE", "matched": false}}, {"type": "Feature", "geometry": {"type": "LineString", "coordinates": [[-8.52914454176964, 33.223898445801545], [-8.529123254000863, 33.22388727776906]]}, "properties": {"layer": "INFRASTRUCTURE", "code": "UNF-INF-0151", "object_type": "COLONNE MONTANTE", "matched": false}}, {"type": "Feature", "geometry": {"type": "LineString", "coordinates": [[-8.529123254000863, 33.22388727776906], [-8.529140785337868, 33.22387472121527]]}, "properties": {"layer": "INFRASTRUCTURE", "code": "UNF-INF-0100", "object_type": "COLONNE MONTANTE", "matched": false}}, {"type": "Feature", "geometry": {"type": "LineString", "coordinates": [[-8.529291004216375, 33.223807553781384], [-8.529270182599484, 33.223789936453734]]}, "properties": {"layer": "INFRASTRUCTURE", "code": "UNF-INF-0152", "object_type": "COLONNE MONTANTE", "matched": false}}, {"type": "Feature", "geometry": {"type": "LineString", "coordinates": [[-8.529270182599484, 33.223789936453734], [-8.529255233278885, 33.22377851966913]]}, "properties": {"layer": "INFRASTRUCTURE", "code": "UNF-INF-0101", "object_type": "COLONNE MONTANTE", "matched": false}}, {"type": "Feature", "geometry": {"type": "LineString", "coordinates": [[-8.529387967801762, 33.22389055338643], [-8.52940668155301, 33.22390763860296]]}, "properties": {"layer": "INFRASTRUCTURE", "code": "UNF-INF-0153", "object_type": "COLONNE MONTANTE", "matched": false}}, {"type": "Feature", "geometry": {"type": "LineString", "coordinates": [[-8.52940668155301, 33.22390763860296], [-8.529413265516716, 33.22388763188027]]}, "properties": {"layer": "INFRASTRUCTURE", "code": "UNF-INF-0102", "object_type": "COLONNE MONTANTE", "matched": false}}, {"type": "Feature", "geometry": {"type": "LineString", "coordinates": [[-8.529270389732046, 33.2240298769669], [-8.52928480419153, 33.22404355918473]]}, "properties": {"layer": "INFRASTRUCTURE", "code": "UNF-INF-0154", "object_type": "COLONNE MONTANTE", "matched": false}}, {"type": "Feature", "geometry": {"type": "LineString", "coordinates": [[-8.52928480419153, 33.22404355918473], [-8.529320844178496, 33.224056038618095]]}, "properties": {"layer": "INFRASTRUCTURE", "code": "UNF-INF-0103", "object_type": "COLONNE MONTANTE", "matched": false}}, {"type": "Feature", "geometry": {"type": "LineString", "coordinates": [[-8.529432937802035, 33.223648303432796], [-8.529408658663494, 33.223631358529964]]}, "properties": {"layer": "INFRASTRUCTURE", "code": "UNF-INF-0155", "object_type": "COLONNE MONTANTE", "matched": false}}, {"type": "Feature", "geometry": {"type": "LineString", "coordinates": [[-8.528675675415101, 33.223615045092565], [-8.52867636774948, 33.223588807565456]]}, "properties": {"layer": "INFRASTRUCTURE", "code": "UNF-INF-0105", "object_type": "COLONNE MONTANTE", "matched": false}}, {"type": "Feature", "geometry": {"type": "LineString", "coordinates": [[-8.529408658663494, 33.223631358529964], [-8.529391431244443, 33.22364823701361]]}, "properties": {"layer": "INFRASTRUCTURE", "code": "UNF-INF-0104", "object_type": "COLONNE MONTANTE", "matched": false}}, {"type": "Feature", "geometry": {"type": "LineString", "coordinates": [[-8.529580352649633, 33.22354509713372], [-8.529562355489224, 33.22352857911032]]}, "properties": {"layer": "INFRASTRUCTURE", "code": "UNF-INF-0156", "object_type": "COLONNE MONTANTE", "matched": false}}, {"type": "Feature", "geometry": {"type": "LineString", "coordinates": [[-8.529562355489224, 33.22352857911032], [-8.529523903931608, 33.223524623802284]]}, "properties": {"layer": "INFRASTRUCTURE", "code": "UNF-INF-0106", "object_type": "COLONNE MONTANTE", "matched": false}}, {"type": "Feature", "geometry": {"type": "LineString", "coordinates": [[-8.529566647012585, 33.22378538844853], [-8.529590147068355, 33.22380001203025]]}, "properties": {"layer": "INFRASTRUCTURE", "code": "UNF-INF-0157", "object_type": "COLONNE MONTANTE", "matched": false}}, {"type": "Feature", "geometry": {"type": "LineString", "coordinates": [[-8.529590147068355, 33.22380001203025], [-8.52961917361223, 33.223787472231464]]}, "properties": {"layer": "INFRASTRUCTURE", "code": "UNF-INF-0107", "object_type": "COLONNE MONTANTE", "matched": false}}, {"type": "Feature", "geometry": {"type": "LineString", "coordinates": [[-8.529726730211125, 33.22339279075881], [-8.529716636385903, 33.223383647943066]]}, "properties": {"layer": "INFRASTRUCTURE", "code": "UNF-INF-0158", "object_type": "COLONNE MONTANTE", "matched": false}}, {"type": "Feature", "geometry": {"type": "LineString", "coordinates": [[-8.529716636385903, 33.223383647943066], [-8.529709144461567, 33.223377600645165]]}, "properties": {"layer": "INFRASTRUCTURE", "code": "UNF-INF-0108", "object_type": "COLONNE MONTANTE", "matched": false}}, {"type": "Feature", "geometry": {"type": "LineString", "coordinates": [[-8.52984700637632, 33.223427179475166], [-8.529857738947447, 33.22342061759573]]}, "properties": {"layer": "INFRASTRUCTURE", "code": "UNF-INF-0159", "object_type": "COLONNE MONTANTE", "matched": false}}, {"type": "Feature", "geometry": {"type": "LineString", "coordinates": [[-8.529857738947447, 33.22342061759573], [-8.529862242398787, 33.22341619284624]]}, "properties": {"layer": "INFRASTRUCTURE", "code": "UNF-INF-0109", "object_type": "COLONNE MONTANTE", "matched": false}}, {"type": "Feature", "geometry": {"type": "LineString", "coordinates": [[-8.529908978940778, 33.223500104617465], [-8.529876321895596, 33.223546758176624]]}, "properties": {"layer": "INFRASTRUCTURE", "code": "UNF-INF-0110", "object_type": "COLONNE MONTANTE", "matched": false}}, {"type": "Feature", "geometry": {"type": "LineString", "coordinates": [[-8.529713065479609, 33.223610369692814], [-8.529744436329029, 33.223613382278344]]}, "properties": {"layer": "INFRASTRUCTURE", "code": "UNF-INF-0111", "object_type": "COLONNE MONTANTE", "matched": false}}, {"type": "Feature", "geometry": {"type": "LineString", "coordinates": [[-8.528302282544532, 33.2238475452658], [-8.528311994444097, 33.22383676630577]]}, "properties": {"layer": "INFRASTRUCTURE", "code": "UNF-INF-0160", "object_type": "COLONNE MONTANTE", "matched": false}}, {"type": "Feature", "geometry": {"type": "LineString", "coordinates": [[-8.528311994444097, 33.22383676630577], [-8.528329447930073, 33.22382844328553]]}, "properties": {"layer": "INFRASTRUCTURE", "code": "UNF-INF-0112", "object_type": "COLONNE MONTANTE", "matched": false}}, {"type": "Feature", "geometry": {"type": "LineString", "coordinates": [[-8.528464367252651, 33.22397981967245], [-8.528477136703717, 33.22396691532246]]}, "properties": {"layer": "INFRASTRUCTURE", "code": "UNF-INF-0161", "object_type": "COLONNE MONTANTE", "matched": false}}, {"type": "Feature", "geometry": {"type": "LineString", "coordinates": [[-8.528477136703717, 33.22396691532246], [-8.528507275477427, 33.22395431759106]]}, "properties": {"layer": "INFRASTRUCTURE", "code": "UNF-INF-0113", "object_type": "COLONNE MONTANTE", "matched": false}}, {"type": "Feature", "geometry": {"type": "LineString", "coordinates": [[-8.528350677435613, 33.22406227671055], [-8.528331601435397, 33.224083825868824]]}, "properties": {"layer": "INFRASTRUCTURE", "code": "UNF-INF-0162", "object_type": "COLONNE MONTANTE", "matched": false}}, {"type": "Feature", "geometry": {"type": "LineString", "coordinates": [[-8.528331601435397, 33.224083825868824], [-8.528327531272907, 33.224106616845546]]}, "properties": {"layer": "INFRASTRUCTURE", "code": "UNF-INF-0114", "object_type": "COLONNE MONTANTE", "matched": false}}, {"type": "Feature", "geometry": {"type": "LineString", "coordinates": [[-8.528207214970644, 33.22399332328706], [-8.528193054110211, 33.2240062626732]]}, "properties": {"layer": "INFRASTRUCTURE", "code": "UNF-INF-0163", "object_type": "COLONNE MONTANTE", "matched": false}}, {"type": "Feature", "geometry": {"type": "LineString", "coordinates": [[-8.528193054110211, 33.2240062626732], [-8.528171107699366, 33.22402373600352]]}, "properties": {"layer": "INFRASTRUCTURE", "code": "UNF-INF-0115", "object_type": "COLONNE MONTANTE", "matched": false}}, {"type": "Feature", "geometry": {"type": "LineString", "coordinates": [[-8.527983212547472, 33.22364782824172], [-8.527997216945455, 33.22363050357119]]}, "properties": {"layer": "INFRASTRUCTURE", "code": "UNF-INF-0164", "object_type": "COLONNE MONTANTE", "matched": false}}, {"type": "Feature", "geometry": {"type": "LineString", "coordinates": [[-8.527997216945455, 33.22363050357119], [-8.527970539866862, 33.22361788362901]]}, "properties": {"layer": "INFRASTRUCTURE", "code": "UNF-INF-0116", "object_type": "COLONNE MONTANTE", "matched": false}}, {"type": "Feature", "geometry": {"type": "LineString", "coordinates": [[-8.528102859856403, 33.22378117249491], [-8.528118151319495, 33.223760889209785]]}, "properties": {"layer": "INFRASTRUCTURE", "code": "UNF-INF-0165", "object_type": "COLONNE MONTANTE", "matched": false}}, {"type": "Feature", "geometry": {"type": "LineString", "coordinates": [[-8.528118151319495, 33.223760889209785], [-8.528142567668269, 33.2237231095105]]}, "properties": {"layer": "INFRASTRUCTURE", "code": "UNF-INF-0117", "object_type": "COLONNE MONTANTE", "matched": false}}, {"type": "Feature", "geometry": {"type": "LineString", "coordinates": [[-8.527999813765657, 33.2238692133182], [-8.527978925513112, 33.22388875977316]]}, "properties": {"layer": "INFRASTRUCTURE", "code": "UNF-INF-0166", "object_type": "COLONNE MONTANTE", "matched": false}}, {"type": "Feature", "geometry": {"type": "LineString", "coordinates": [[-8.527978925513112, 33.22388875977316], [-8.528036521316862, 33.223921925831554]]}, "properties": {"layer": "INFRASTRUCTURE", "code": "UNF-INF-0118", "object_type": "COLONNE MONTANTE", "matched": false}}, {"type": "Feature", "geometry": {"type": "LineString", "coordinates": [[-8.527861448055871, 33.22378696332344], [-8.527836396132246, 33.22380690728909]]}, "properties": {"layer": "INFRASTRUCTURE", "code": "UNF-INF-0167", "object_type": "COLONNE MONTANTE", "matched": false}}, {"type": "Feature", "geometry": {"type": "LineString", "coordinates": [[-8.527836396132246, 33.22380690728909], [-8.527869526406219, 33.223810731018496]]}, "properties": {"layer": "INFRASTRUCTURE", "code": "UNF-INF-0119", "object_type": "COLONNE MONTANTE", "matched": false}}, {"type": "Feature", "geometry": {"type": "LineString", "coordinates": [[-8.527771425437594, 33.223556894116925], [-8.52778124165327, 33.22354903873667]]}, "properties": {"layer": "INFRASTRUCTURE", "code": "UNF-INF-0168", "object_type": "COLONNE MONTANTE", "matched": false}}, {"type": "Feature", "geometry": {"type": "LineString", "coordinates": [[-8.52778124165327, 33.22354903873667], [-8.527789137422863, 33.22351920973179]]}, "properties": {"layer": "INFRASTRUCTURE", "code": "UNF-INF-0120", "object_type": "COLONNE MONTANTE", "matched": false}}, {"type": "Feature", "geometry": {"type": "LineString", "coordinates": [[-8.527698057393495, 33.22362780033469], [-8.527683315544754, 33.22364397308514]]}, "properties": {"layer": "INFRASTRUCTURE", "code": "UNF-INF-0169", "object_type": "COLONNE MONTANTE", "matched": false}}, {"type": "Feature", "geometry": {"type": "LineString", "coordinates": [[-8.527683315544754, 33.22364397308514], [-8.52765724575067, 33.22368996575393]]}, "properties": {"layer": "INFRASTRUCTURE", "code": "UNF-INF-0121", "object_type": "COLONNE MONTANTE", "matched": false}}, {"type": "Feature", "geometry": {"type": "LineString", "coordinates": [[-8.52870000949012, 33.223392743702476], [-8.528739976076666, 33.22340051482588]]}, "properties": {"layer": "INFRASTRUCTURE", "code": "UNF-INF-0170", "object_type": "COLONNE MONTANTE", "matched": false}}, {"type": "Feature", "geometry": {"type": "LineString", "coordinates": [[-8.528739976076666, 33.22340051482588], [-8.528746898229503, 33.22344480103565]]}, "properties": {"layer": "INFRASTRUCTURE", "code": "UNF-INF-0122", "object_type": "COLONNE MONTANTE", "matched": false}}, {"type": "Feature", "geometry": {"type": "LineString", "coordinates": [[-8.528561134047184, 33.22320838409838], [-8.528568439076306, 33.22317893830813]]}, "properties": {"layer": "INFRASTRUCTURE", "code": "UNF-INF-0171", "object_type": "COLONNE MONTANTE", "matched": false}}, {"type": "Feature", "geometry": {"type": "LineString", "coordinates": [[-8.528568439076306, 33.22317893830813], [-8.528529465430708, 33.22314475670168]]}, "properties": {"layer": "INFRASTRUCTURE", "code": "UNF-INF-0123", "object_type": "COLONNE MONTANTE", "matched": false}}, {"type": "Feature", "geometry": {"type": "LineString", "coordinates": [[-8.528721959739848, 33.223266365244065], [-8.528729222994091, 33.22323575002938]]}, "properties": {"layer": "INFRASTRUCTURE", "code": "UNF-INF-0172", "object_type": "COLONNE MONTANTE", "matched": false}}, {"type": "Feature", "geometry": {"type": "LineString", "coordinates": [[-8.528729222994091, 33.22323575002938], [-8.528779837320497, 33.22320634203975]]}, "properties": {"layer": "INFRASTRUCTURE", "code": "UNF-INF-0124", "object_type": "COLONNE MONTANTE", "matched": false}}, {"type": "Feature", "geometry": {"type": "LineString", "coordinates": [[-8.529005030492417, 33.22327678696727], [-8.529013072784446, 33.223248493029764]]}, "properties": {"layer": "INFRASTRUCTURE", "code": "UNF-INF-0173", "object_type": "COLONNE MONTANTE", "matched": false}}, {"type": "Feature", "geometry": {"type": "LineString", "coordinates": [[-8.529013072784446, 33.223248493029764], [-8.529009348344765, 33.22322237171382]]}, "properties": {"layer": "INFRASTRUCTURE", "code": "UNF-INF-0125", "object_type": "COLONNE MONTANTE", "matched": false}}, {"type": "Feature", "geometry": {"type": "LineString", "coordinates": [[-8.529240766917535, 33.22336565216964], [-8.52928092841971, 33.223359372601]]}, "properties": {"layer": "INFRASTRUCTURE", "code": "UNF-INF-0174", "object_type": "COLONNE MONTANTE", "matched": false}}, {"type": "Feature", "geometry": {"type": "LineString", "coordinates": [[-8.52928092841971, 33.223359372601], [-8.529278437408209, 33.22331272590999]]}, "properties": {"layer": "INFRASTRUCTURE", "code": "UNF-INF-0126", "object_type": "COLONNE MONTANTE", "matched": false}}, {"type": "Feature", "geometry": {"type": "LineString", "coordinates": [[-8.529080186244242, 33.2234706530394], [-8.529105004462794, 33.22348319516338]]}, "properties": {"layer": "INFRASTRUCTURE", "code": "UNF-INF-0175", "object_type": "COLONNE MONTANTE", "matched": false}}, {"type": "Feature", "geometry": {"type": "LineString", "coordinates": [[-8.529105004462794, 33.22348319516338], [-8.52910864288067, 33.22350519625571]]}, "properties": {"layer": "INFRASTRUCTURE", "code": "UNF-INF-0127", "object_type": "COLONNE MONTANTE", "matched": false}}, {"type": "Feature", "geometry": {"type": "LineString", "coordinates": [[-8.528929911306605, 33.22361080053726], [-8.528945581385024, 33.22362064712407]]}, "properties": {"layer": "INFRASTRUCTURE", "code": "UNF-INF-0176", "object_type": "COLONNE MONTANTE", "matched": false}}, {"type": "Feature", "geometry": {"type": "LineString", "coordinates": [[-8.528945581385024, 33.22362064712407], [-8.528930368030077, 33.223629836774265]]}, "properties": {"layer": "INFRASTRUCTURE", "code": "UNF-INF-0128", "object_type": "COLONNE MONTANTE", "matched": false}}, {"type": "Feature", "geometry": {"type": "LineString", "coordinates": [[-8.528755471595334, 33.22373721871175], [-8.528781225451871, 33.223756467501744]]}, "properties": {"layer": "INFRASTRUCTURE", "code": "UNF-INF-0177", "object_type": "COLONNE MONTANTE", "matched": false}}, {"type": "Feature", "geometry": {"type": "LineString", "coordinates": [[-8.528781225451871, 33.223756467501744], [-8.528809001839152, 33.22373744583956]]}, "properties": {"layer": "INFRASTRUCTURE", "code": "UNF-INF-0129", "object_type": "COLONNE MONTANTE", "matched": false}}, {"type": "Feature", "geometry": {"type": "LineString", "coordinates": [[-8.528710511426457, 33.22360901536928], [-8.52867636774948, 33.223588807565456]]}, "properties": {"layer": "INFRASTRUCTURE", "code": "UNF-INF-0178", "object_type": "COLONNE MONTANTE", "matched": false}}, {"type": "Feature", "geometry": {"type": "LineString", "coordinates": [[-8.528099296727408, 33.22314452841471], [-8.528108160127461, 33.223119725250136]]}, "properties": {"layer": "INFRASTRUCTURE", "code": "UNF-INF-0179", "object_type": "COLONNE MONTANTE", "matched": false}}, {"type": "Feature", "geometry": {"type": "LineString", "coordinates": [[-8.528108160127461, 33.223119725250136], [-8.528084608457645, 33.223086739343906]]}, "properties": {"layer": "INFRASTRUCTURE", "code": "UNF-INF-0130", "object_type": "COLONNE MONTANTE", "matched": false}}, {"type": "Feature", "geometry": {"type": "LineString", "coordinates": [[-8.527931880417484, 33.22323360612343], [-8.527920067388214, 33.2232538017349]]}, "properties": {"layer": "INFRASTRUCTURE", "code": "UNF-INF-0180", "object_type": "COLONNE MONTANTE", "matched": false}}, {"type": "Feature", "geometry": {"type": "LineString", "coordinates": [[-8.527920067388214, 33.2232538017349], [-8.527882454836133, 33.223243406060135]]}, "properties": {"layer": "INFRASTRUCTURE", "code": "UNF-INF-0131", "object_type": "COLONNE MONTANTE", "matched": false}}, {"type": "Feature", "geometry": {"type": "LineString", "coordinates": [[-8.527658413773025, 33.22308248397644], [-8.527665398822244, 33.22306358050813]]}, "properties": {"layer": "INFRASTRUCTURE", "code": "UNF-INF-0181", "object_type": "COLONNE MONTANTE", "matched": false}}, {"type": "Feature", "geometry": {"type": "LineString", "coordinates": [[-8.527665398822244, 33.22306358050813], [-8.52771003953541, 33.223060991698524]]}, "properties": {"layer": "INFRASTRUCTURE", "code": "UNF-INF-0132", "object_type": "COLONNE MONTANTE", "matched": false}}, {"type": "Feature", "geometry": {"type": "LineString", "coordinates": [[-8.527440530380437, 33.22300604114639], [-8.527455355583946, 33.22299220725471]]}, "properties": {"layer": "INFRASTRUCTURE", "code": "UNF-INF-0182", "object_type": "COLONNE MONTANTE", "matched": false}}, {"type": "Feature", "geometry": {"type": "LineString", "coordinates": [[-8.527455355583946, 33.22299220725471], [-8.527475412241595, 33.22298279649288]]}, "properties": {"layer": "INFRASTRUCTURE", "code": "UNF-INF-0133", "object_type": "COLONNE MONTANTE", "matched": false}}, {"type": "Feature", "geometry": {"type": "LineString", "coordinates": [[-8.527302487969163, 33.22323541911883], [-8.527318621173132, 33.22321921135858]]}, "properties": {"layer": "INFRASTRUCTURE", "code": "UNF-INF-0183", "object_type": "COLONNE MONTANTE", "matched": false}}, {"type": "Feature", "geometry": {"type": "LineString", "coordinates": [[-8.527318621173132, 33.22321921135858], [-8.527297925951126, 33.223209292155715]]}, "properties": {"layer": "INFRASTRUCTURE", "code": "UNF-INF-0134", "object_type": "COLONNE MONTANTE", "matched": false}}, {"type": "Feature", "geometry": {"type": "LineString", "coordinates": [[-8.527440054474315, 33.223363630652834], [-8.527449189189454, 33.22334642873758]]}, "properties": {"layer": "INFRASTRUCTURE", "code": "UNF-INF-0184", "object_type": "COLONNE MONTANTE", "matched": false}}, {"type": "Feature", "geometry": {"type": "LineString", "coordinates": [[-8.527449189189454, 33.22334642873758], [-8.527456156878547, 33.22330952732785]]}, "properties": {"layer": "INFRASTRUCTURE", "code": "UNF-INF-0135", "object_type": "COLONNE MONTANTE", "matched": false}}, {"type": "Feature", "geometry": {"type": "LineString", "coordinates": [[-8.52735034455216, 33.223444897364594], [-8.527338914234676, 33.223456304775745]]}, "properties": {"layer": "INFRASTRUCTURE", "code": "UNF-INF-0185", "object_type": "COLONNE MONTANTE", "matched": false}}, {"type": "Feature", "geometry": {"type": "LineString", "coordinates": [[-8.527338914234676, 33.223456304775745], [-8.52731437767141, 33.223454695486254]]}, "properties": {"layer": "INFRASTRUCTURE", "code": "UNF-INF-0136", "object_type": "COLONNE MONTANTE", "matched": false}}, {"type": "Feature", "geometry": {"type": "LineString", "coordinates": [[-8.527155084265328, 33.2233585203111], [-8.52714116315366, 33.22337818371874]]}, "properties": {"layer": "INFRASTRUCTURE", "code": "UNF-INF-0186", "object_type": "COLONNE MONTANTE", "matched": false}}, {"type": "Feature", "geometry": {"type": "LineString", "coordinates": [[-8.52714116315366, 33.22337818371874], [-8.527132702260353, 33.22338670567816]]}, "properties": {"layer": "INFRASTRUCTURE", "code": "UNF-INF-0137", "object_type": "COLONNE MONTANTE", "matched": false}}, {"type": "Feature", "geometry": {"type": "LineString", "coordinates": [[-8.527107767481898, 33.223144639152615], [-8.527123587923231, 33.22311966079926]]}, "properties": {"layer": "INFRASTRUCTURE", "code": "UNF-INF-0187", "object_type": "COLONNE MONTANTE", "matched": false}}, {"type": "Feature", "geometry": {"type": "LineString", "coordinates": [[-8.527123587923231, 33.22311966079926], [-8.527078285346414, 33.22308544865619]]}, "properties": {"layer": "INFRASTRUCTURE", "code": "UNF-INF-0138", "object_type": "COLONNE MONTANTE", "matched": false}}, {"type": "Feature", "geometry": {"type": "LineString", "coordinates": [[-8.526990251248858, 33.22322719134689], [-8.526970743852932, 33.22324641022959]]}, "properties": {"layer": "INFRASTRUCTURE", "code": "UNF-INF-0188", "object_type": "COLONNE MONTANTE", "matched": false}}, {"type": "Feature", "geometry": {"type": "LineString", "coordinates": [[-8.526970743852932, 33.22324641022959], [-8.526958044334034, 33.22327064951411]]}, "properties": {"layer": "INFRASTRUCTURE", "code": "UNF-INF-0139", "object_type": "COLONNE MONTANTE", "matched": false}}, {"type": "Feature", "geometry": {"type": "LineString", "coordinates": [[-8.526860119941846, 33.223170775715424], [-8.526844090913459, 33.2231899069558]]}, "properties": {"layer": "INFRASTRUCTURE", "code": "UNF-INF-0189", "object_type": "COLONNE MONTANTE", "matched": false}}, {"type": "Feature", "geometry": {"type": "LineString", "coordinates": [[-8.526844090913459, 33.2231899069558], [-8.52682794448584, 33.223177475709385]]}, "properties": {"layer": "INFRASTRUCTURE", "code": "UNF-INF-0140", "object_type": "COLONNE MONTANTE", "matched": false}}, {"type": "Feature", "geometry": {"type": "LineString", "coordinates": [[-8.527908638415253, 33.22311030522072], [-8.527891279651335, 33.22310679231898]]}, "properties": {"layer": "INFRASTRUCTURE", "code": "UNF-INF-0190", "object_type": "COLONNE MONTANTE", "matched": false}}, {"type": "Feature", "geometry": {"type": "LineString", "coordinates": [[-8.527891279651335, 33.22310679231898], [-8.527911131770285, 33.223075161180105]]}, "properties": {"layer": "INFRASTRUCTURE", "code": "UNF-INF-0141", "object_type": "COLONNE MONTANTE", "matched": false}}, {"type": "Feature", "geometry": {"type": "LineString", "coordinates": [[-8.5282804623523, 33.22316380267345], [-8.528281605211166, 33.22315192290025]]}, "properties": {"layer": "INFRASTRUCTURE", "code": "UNF-INF-0191", "object_type": "COLONNE MONTANTE", "matched": false}}, {"type": "Feature", "geometry": {"type": "LineString", "coordinates": [[-8.528281605211166, 33.22315192290025], [-8.528344029863486, 33.22312962795038]]}, "properties": {"layer": "INFRASTRUCTURE", "code": "UNF-INF-0142", "object_type": "COLONNE MONTANTE", "matched": false}}, {"type": "Feature", "geometry": {"type": "LineString", "coordinates": [[-8.527620511255646, 33.22344598250425], [-8.527627487402407, 33.22343658930895]]}, "properties": {"layer": "INFRASTRUCTURE", "code": "UNF-INF-0192", "object_type": "COLONNE MONTANTE", "matched": false}}, {"type": "Feature", "geometry": {"type": "LineString", "coordinates": [[-8.527627487402407, 33.22343658930895], [-8.527673502025207, 33.223425206305976]]}, "properties": {"layer": "INFRASTRUCTURE", "code": "UNF-INF-0143", "object_type": "COLONNE MONTANTE", "matched": false}}, {"type": "Feature", "geometry": {"type": "LineString", "coordinates": [[-8.527497112382735, 33.22355882286067], [-8.527477248635552, 33.223572930004565]]}, "properties": {"layer": "INFRASTRUCTURE", "code": "UNF-INF-0193", "object_type": "COLONNE MONTANTE", "matched": false}}, {"type": "Feature", "geometry": {"type": "LineString", "coordinates": [[-8.527477248635552, 33.223572930004565], [-8.527514208649944, 33.223575748326546]]}, "properties": {"layer": "INFRASTRUCTURE", "code": "UNF-INF-0144", "object_type": "COLONNE MONTANTE", "matched": false}}, {"type": "Feature", "geometry": {"type": "LineString", "coordinates": [[-8.532976014448723, 33.22421730709169], [-8.53180770328185, 33.22373017826089]]}, "properties": {"layer": "INFRASTRUCTURE", "code": "UNF-INF-0018", "object_type": "SOUTERRAIN", "matched": false}}, {"type": "Feature", "geometry": {"type": "LineString", "coordinates": [[-8.528694464203774, 33.223959344351876], [-8.52868005427605, 33.22397543830823]]}, "properties": {"layer": "INFRASTRUCTURE", "code": "UNF-INF-0002", "object_type": "SOUTERRAIN", "matched": false}}, {"type": "Feature", "geometry": {"type": "LineString", "coordinates": [[-8.528113832218125, 33.22347440629505], [-8.528133529583812, 33.22345595658466]]}, "properties": {"layer": "INFRASTRUCTURE", "code": "UNF-INF-0006", "object_type": "SOUTERRAIN", "matched": false}}, {"type": "Feature", "geometry": {"type": "Polygon", "coordinates": [[[-8.529323360016647, 33.223159223669064], [-8.52955782905515, 33.22336781076606], [-8.529756070705474, 33.22321937490475], [-8.530103779984474, 33.223503587673875], [-8.528844994364562, 33.22454971094537], [-8.52754194136932, 33.22369813048505], [-8.526677642389226, 33.22317990871853], [-8.526761158779117, 33.2230755393564], [-8.527256549118286, 33.22289285413287], [-8.529323360016647, 33.223159223669064]]]}, "properties": {"layer": "ZNRO", "code": "JAD-MAR1076", "object_type": "ZNRO", "matched": true}}, {"type": "Feature", "geometry": {"type": "Polygon", "coordinates": [[[-8.530103779984474, 33.223503587673875], [-8.528844994364562, 33.22454971094537], [-8.52754194136932, 33.22369813048505], [-8.527795595314283, 33.223426151690376], [-8.528792590808155, 33.22394900846506], [-8.529756070705474, 33.22321937490475], [-8.530103779984474, 33.223503587673875]]]}, "properties": {"layer": "ZPM", "code": "JAD-MAR-0001", "object_type": "ZPM", "matched": true}}, {"type": "Feature", "geometry": {"type": "Polygon", "coordinates": [[[-8.528792590808155, 33.22394900846506], [-8.527795595314283, 33.223426151690376], [-8.52754194136932, 33.22369813048505], [-8.526677642389226, 33.22317990871853], [-8.526761158779117, 33.2230755393564], [-8.527256549118286, 33.22289285413287], [-8.529323360016647, 33.223159223669064], [-8.52955782905515, 33.22336781076606], [-8.528792590808155, 33.22394900846506]]]}, "properties": {"layer": "ZPM", "code": "JAD-MAR-0002", "object_type": "ZPM", "matched": false}}]}